pH,turbidity_NTU,temperature_C,DO_mg_L,conductivity_uS_cm
4.189,28.134,40,1.152,4746.01
7.799,5.021,37.58,4.401,2355.28
7.901,11.291,35.94,3.02,1903.22
8.13,13.96,29.74,2.682,1533.96
3.037,33.202,23.77,1.866,4855.42
7.245,6.983,38.9,3.637,2167.87
11.669,47.155,28.75,1.553,7751.2
7.723,32.926,22.93,2.592,1737.02
7.224,4.277,26.5,6.66,527.47
7.449,17.827,26.99,3.247,2542.74
6.5,3.157,24.22,6.021,879.41
7.11,1.403,31.18,7.285,972.4
7.864,6.197,32.44,2.968,1650.97
7,9.42,34.38,5.645,3116.08
8.565,12.836,25,5.291,1893.01
7.927,6.652,35.03,2.709,2463.5
3.813,20,29.91,1.608,6591.2
11.678,39.978,26.34,2.197,6360.18
7.302,3.24,25.58,5.351,729.05
7.863,10.148,36.81,2,1000
8.688,18.174,29.9,2.308,632.61
7.7,5.624,32.28,2.629,1000
6.596,20.512,24.95,3.82,1368.14
7.155,11.695,30.55,3.527,500
6.946,5.819,23.41,7.736,1224.53
8.049,12.245,32.48,4.141,1725.51
3.487,35.003,23.5,1.328,3547.5
7.503,10.448,33.08,3.803,2737.61
3.626,34.171,29.22,1.502,3522.58
6.968,2.512,28.94,6.533,758.66
2.519,57.221,25.99,1.424,3227.01
7.369,5.131,26.2,7.426,1000.16
7.433,6.998,34.6,3.879,2511.61
8.148,20.083,33.56,2.424,569.95
7.743,11.192,35.09,4.494,2751.35
7.979,7.366,34.56,4.969,2920.08
12.587,20,34.25,1.769,4054.65
3.21,35.479,17.87,0.865,4170.61
7.62,19.396,23.68,4.568,500
2.475,70.625,31.57,0.725,5915.35
8.808,17.641,29.7,3.82,1069.72
2.405,75.648,20.53,1.211,5805.77
9.093,40.879,24.35,4.373,2332.41
3.292,65.439,28.01,0.28,6128.72
7.969,5.325,32.18,2,1150.27
12.582,46.592,29.29,1.429,4895.22
3.321,40.041,29.7,1.124,3000
6.932,4.401,27.23,7.438,1409.99
11.56,54.695,33.49,0.606,4993.79
6,21.361,18.88,2.613,817.46
8.124,4.767,24.28,7.023,684.35
10.146,62.532,22.21,0.476,4788.27
8.323,7.012,37.08,3.984,1000
7.169,2.273,28.57,6.305,917.41
6.964,0.742,25.08,6.997,200
7.106,3.765,21.41,5.361,722.29
7.605,3,28.21,4.501,2648.43
3.042,56.41,30.02,1.363,6132.78
6.896,23.703,30.08,2.662,1415.3
3.276,48.954,36.48,0.202,7708.5
7.557,22.8,24.43,2.264,1611.78
3.741,53.425,24.88,0.949,5765.38
7.625,1.6,27.3,6.652,792.11
8.133,6,29.92,2.585,2325.4
7.194,2.075,24.34,6.196,928.6
8.875,3,37.31,4.184,2423.76
2.188,52.457,31.94,1.287,6145.85
6.961,3.393,26.47,6.397,1127.04
7.431,4.105,24.32,6.266,960.7
7.587,4.087,25.97,7.035,1186.59
7.34,3.251,25.37,5.85,764.65
6.315,28.657,27.07,3.521,2585.79
7.256,10.761,32.11,2.396,835.78
7.546,11.895,39.29,4.503,1431.1
2.132,45.282,23.91,1.048,6186.71
7.258,7.901,29.34,3.992,1073.45
2.755,70.152,31.02,1.468,3000
7.758,13.531,31.67,3.344,1282.72
4.155,52.238,33.21,1.846,6360.25
7.18,0.5,27.52,6.332,807.46
6,6,24.16,4.375,2112.92
7.275,2.012,26.05,7.169,1261.8
7.976,11.472,25.26,4.315,1772.01
6.709,5.183,25.24,6.028,1500
2.867,43.337,29.13,0.404,4366.15
7.434,14.057,27.82,4.607,1547.4
6.517,12.941,21.37,3.82,1653.97
6.692,5.377,24.49,7.218,877.82
8.307,15.207,25.93,3.303,2257.46
13.651,23.498,29.2,1.607,5833.1
10.083,57.299,34.22,2.135,4370.23
7.78,1.063,24.19,5,445.66
7.682,1.003,24.37,6.352,1049.96
7.391,8.346,35.07,3.885,1101.03
8.023,11.203,36.01,4.193,2176.91
2,85.711,32.07,0.843,3101.54
7.263,10.936,26.04,4.551,2248.04
11.761,33.778,29.64,1.449,4417.24
7.122,6.761,28.56,4.603,1860.94
6.944,5.106,26.62,7.621,690.97
7.4,8.819,28.22,3.921,561.73
7.924,44.66,26.4,2.103,500
6.646,13.542,28.09,3.255,500
13.176,39.037,26.43,1.115,4472.51
6.5,4.707,25.64,5.174,1114.38
7.825,3.495,30.66,5.164,2197.3
7.386,2.482,27.54,6.507,583.03
7.746,11.04,29.58,4.613,2299.57
2.334,51.256,34.43,1.597,5860.34
7.648,2.706,21.42,7.953,1394.84
3.249,45.891,27.69,1.818,7183.1
7.382,24.107,33.07,2.233,2045.32
3.155,48.11,26.05,0.961,5566.33
6.846,10.737,22.4,4.269,1154.16
7.419,3,32.44,4.665,1525.55
7.278,8.23,29.57,3.632,3066.46
12.076,52.684,26.44,2.232,6765.81
13.06,59.803,33.51,0,5689.46
11.927,24.455,37.45,2.854,3000
12.363,20,27.1,1.78,5696.48
7.934,4.493,25.97,6.182,539.04
7.528,3.468,24.58,5.279,654.47
7.289,3.512,26.74,7.225,558.69
7.83,25.053,25.25,3.405,2075.83
7.76,15.87,31.02,3.78,1652.14
6.886,2.357,30.7,5,829.03
7.567,8.119,34.65,3.904,1740.03
7.007,12.303,21.66,3.953,1520.17
13.526,49.187,28.74,2.278,5973.72
8.149,3.448,22.54,7.614,760.26
7.667,1.965,23.35,5.319,1371.91
3.014,28.813,31.87,2.459,4613.41
8.328,27.012,33.39,4.09,2450.45
7.38,6.746,31.96,3.199,1978.6
8.007,7.893,38.91,4.049,3500
7.2,0.5,23.82,7.902,841.59
7.047,3.501,31.19,3.914,2352.68
6.984,0.552,21.68,7.313,754.93
7.436,3.057,22.48,6.172,738.35
7.041,3.435,21.84,5.147,863.19
6.511,25.754,30.98,4.322,500
7.176,4.714,31.86,4.582,1281.76
7.756,11.66,30.92,2,2426.01
3.516,57.361,28.01,1.43,5679.83
7.941,12.678,38.09,3.339,1621.04
7.487,7.279,33.19,5.043,1000
3.211,26.209,29.23,1.245,4509.39
7.754,6.101,21.33,5.992,1359.71
6.85,4.138,19.75,6.525,537.16
7.925,13.678,26.71,4.671,600.88
7.255,2.607,23.39,5.84,1266.92
3.467,55.687,26.59,0.462,6400.13
7.435,0.793,19.59,6.166,1420.48
8.473,3,25,5.728,1224.33
8.665,10.569,33.76,4.754,2425.17
8.095,23.2,26.3,2.395,500
11.178,62.838,32.79,1.988,4638.4
12.585,32.262,30.87,2.123,4263.79
7.418,0.5,17.34,5,717.99
6.701,15.415,25.15,2.746,2009.22
3.113,35.836,26.94,1.319,4017.01
6.179,23.623,21.32,3.585,1988.72
7.278,6.355,27.43,6.113,815.06
7.568,2.906,30.82,6.94,555.69
7.375,6.095,19.72,6.541,1002.7
7.461,6,29.14,2.453,500
7.802,8.73,33.13,2.036,2314.55
8.598,11.495,26.91,4.387,613.64
7.252,23.29,26.37,3.64,2699.41
11.536,36.926,26.36,1.826,3000
8.092,21.109,24.89,4.196,1019.56
8.347,10.962,33.16,4.976,2328.72
7.134,1.596,25.7,5.92,942.11
2.617,77.26,21.01,0.687,6168.16
7.415,7.378,26.94,3.654,1000
8.724,7.307,36.17,6,1567
8.174,3,31.86,4.457,1602.23
6.657,0.893,24.94,6.643,1119.75
8.704,19.985,30.79,4.427,2815.43
7.489,3.068,24.36,6.221,716.35
2.499,40.755,32.13,1.757,6013.24
7.33,3.914,21.95,6.856,1368.87
8.5,2.721,26.1,5.134,1063.04
4.247,57.135,29.52,1.285,7048.34
6.954,6.227,27.86,6.844,435.81
4.5,20,29.31,0.529,6987.51
7.529,25.454,26.76,1.5,674.25
7.421,7.047,38.83,4.883,2394.67
7.249,0.92,24.33,6.761,979.21
3.716,31.552,29.74,0.385,5282.68
8.169,11.255,24.6,4.472,623.24
8.627,9.567,33.36,4.659,2961.6
8.354,8.58,37.88,4.505,1376.94
3.839,57.11,34.91,1.615,4572.81
7.395,11.066,29.71,4.8,1819.56
3.195,50.453,22.26,2.184,6612.53
7.59,1.837,28.38,6.007,673.26
7.517,0.807,30.08,5.578,761.05
7.553,1.674,27.86,6.739,309.88
8,10.439,34.38,4.739,2216.37
2.302,43.692,29.93,1.568,5660.74
7.66,0.947,22,6.424,1071.94
7.562,29.639,27.56,4.362,2968.28
7.183,3.682,38.35,4.425,1000
8.119,11.558,25.92,4.93,2675.23
10.828,53.835,25.26,1.254,4041.52
7.243,3.798,28.95,7.694,560.98
7,9.136,31.29,2,2596.96
8.017,6.613,30.64,4.22,1886.75
7.202,0.5,29.58,6.652,1065.69
7.163,12.95,29.6,1.848,1799.58
7.641,1.774,28.79,7.241,1156.19
8.018,24.67,24.26,2.048,1843.13
6.455,37.73,33.61,2.2,676.32
8.059,14.831,22.68,2.738,1160.25
7.676,9.444,29.61,3.471,1942.05
6.011,19.832,23.41,4.942,1461.44
10.614,56.741,30.99,2.175,5702.78
8.324,37.216,24.98,4.481,1690.54
7.035,0.5,23.13,5.496,776.57
12.222,35.212,34.18,0.241,6238.34
7.209,9.887,36.82,4.746,2200.07
11.862,64.755,30.32,0.567,3000
7.097,6,28.28,2.581,1276.23
7.107,17.854,33.7,4.164,799.61
8.784,27.193,30.1,2.032,1835.07
3.315,51.617,32.21,1.9,4595.76
3.679,84.061,28.57,1.286,4830.53
7.758,15.911,29.09,3.498,2221.23
10.816,33.508,31.71,0.988,4914.74
8.949,7.621,22.06,4.911,601.8
12.098,25.557,30.6,2.355,5608.78
8.467,41.555,30.76,2.652,1863.19
7.319,3.907,29.84,6.451,1224.81
7.439,5.863,36.39,2.827,1000
8.409,10.667,26.38,4.297,2567.96
7.61,4.364,29.43,6.146,1086.81
3.883,43.945,31.55,2.385,3000
9.5,10.076,30.9,3.32,1362.73
8.958,16.56,24.06,3.618,500
7.632,6.103,32.82,4.665,1496.09
8.15,15.056,32.84,4.101,919.75
7.671,10.347,34.02,4.144,2928.51
8.076,20.406,29.37,4.625,2587.68
8.019,9.756,28.46,3.147,1960.79
7,7.75,27.27,4.641,1914.98
7.039,1.896,23.8,6.171,636.06
3.117,38.363,37.09,1.787,6290.5
8.236,8.479,25,2.583,1000
7.465,6.376,36.51,5.407,2737.81
8.185,3,31.41,5.048,2943.82
3.916,47.6,34.28,1.19,4512.89
8.103,22.097,31.94,3.281,1259.06
7.383,7.448,36.96,5.186,3087.57
6.898,3.487,26.4,6.988,884.28
13.594,56.395,30.58,1.274,4757.53
6.784,16.434,26.87,3.814,1232.49
2,69.264,35.01,0.951,4935.76
6.734,2.632,21.49,6.111,337.03
6.218,25.801,23.21,2.521,2598.02
2.403,37.449,33.6,1.906,7166.52
8.05,7.151,26.27,7.736,1316.5
7.783,21.311,28.65,2.523,1706.39
8.388,2.131,24.17,5.154,820.97
11.491,41.961,28.46,1.56,5570.1
10,59.543,32.2,0.747,5356.81
2.941,60.927,28.89,1.963,6412.43
7,5.509,30.86,4.533,1803.72
4.17,58.469,35.51,2.273,3251.84
8.524,31.639,27.84,3.794,2767.37
7.823,2.93,22.97,6.235,834.59
7.339,1.636,23.72,5,1060.44
8.085,10.247,32.21,2.945,1180.59
7.558,5.013,39.43,3.965,1974.42
7.305,2.506,22.74,8.476,634
14,61.583,21.69,0.777,4695.25
7.733,6.549,35.25,3.778,1000
7.43,2.802,20.31,5.137,1018.14
2.027,51.621,30.98,2.582,6856.06
7.039,0.5,28.62,6.481,554.7
7.538,0.5,21.24,6.926,1153.55
10,26.501,26.95,0.681,6370.57
13.076,57.512,30.68,1.528,3578.7
7.362,3,30.37,3.772,1744.01
7.087,3.329,27.21,3.784,2651.5
11.882,53.685,22.64,0.448,4438.07
7.183,8.147,24.07,6.393,560.73
3.556,20,24.69,1.232,4882.11
8.486,20.751,23.16,3.924,1285.32
8.51,24.956,37.52,2.113,1884.33
7.231,4.404,31.96,3.061,1646.67
7.682,6,31.43,3.528,1323.49
7.013,12.376,21.11,1.854,2104.88
12.173,20,28.84,0.82,4811.27
9.161,34.788,26.86,1.85,2541.1
7.893,12.03,34.9,3.606,1464.85
7.202,28.421,27.46,3.955,1209.68
7.474,25.716,23.16,2.957,1074.95
11.816,54.4,40,1.132,5027.35
14,33.524,37.12,1.102,4948.14
12.338,20,27.39,0.106,5372.82
7.55,4.192,34.31,2.936,2166.04
3.008,43.722,32.94,1.344,4240.87
7.236,0.5,22.6,5,966.16
7.506,1.464,28.87,5,794.58
7.772,24.909,23.92,3.232,2284.75
8.479,3,35.96,3.964,2292.3
7.378,3.405,36.78,3.936,2051.8
3.907,57.624,30.25,1.511,4117.97
2.423,29.086,33.11,0.865,4139.44
13.371,20,26.47,1.19,5017.06
6.916,27.049,23.28,5.47,1914.14
6.731,2.619,20.15,5.471,611.99
12.711,55.736,37.04,1.304,5773.58
8.559,24.568,25.33,4.935,801.92
6.843,2.109,25.06,5.882,1298.68
7.572,5.841,23.69,5.311,754.41
7.854,8.056,33.95,4.451,2224.87
8.341,13.173,39.33,4.264,1538.11
7.585,6.148,28.95,6.962,739.4
8.337,5.158,38.74,3.274,2052.59
3.014,41.765,22.52,1.9,3615.39
7.507,5.227,36.69,2,1000
7.586,31.289,30.87,3.511,1093
7.617,21.207,26.91,3.031,1895.01
7.77,6,28.64,3.721,1188.67
2.391,25.188,30.33,2.055,5573.05
7.042,4.186,24.44,7.122,829.61
7.264,2.065,20.96,5.942,842.85
7.474,23.83,28.29,3.012,500
6.431,11.581,26.84,4.212,1697.12
10.61,40.002,23.03,1.019,3000
7.387,1.335,23.88,5.599,1405.5
7.454,0.761,26.76,6.922,1198.97
10.38,43.076,19.71,0.355,3913.46
3.488,56.475,21.34,0.9,3000
3.543,38.53,33.54,0.506,5937.23
8.298,11.606,31.09,3.32,2243.28
7.451,2.629,26.28,6.804,1073.96
7.221,12.453,35.88,2.446,1483.49
7.433,5.094,28.89,7.922,1105.65
7.579,10.413,33.12,4.641,2331.19
3.448,48.365,21.92,0.551,4608.49
8.798,9.346,37.18,4.522,2904.12
7.146,3.382,21.64,5.24,1043.83
3.081,50.728,26.57,1.919,5924.87
7.348,4.294,21.98,5.519,765
7.601,13.486,32.83,4.463,1516.95
7.547,9.017,30,4.413,950.21
7.966,3,29.63,3.128,2322.33
6.112,26.801,30.56,3.376,1433.62
6.95,0.714,25.57,7.002,1000.25
10,33.622,21.81,1.853,4546.48
6.545,21.443,29.78,4.616,709.09
7.614,12.911,32.72,3.614,1400.4
8.582,5.252,36.43,5.663,2320.92
7.584,18.132,30.72,2.22,1526.33
7.33,4.543,28.56,6.179,1341.8
7.451,6,23.93,3.579,500
8.296,11.677,29.81,3.356,1494.53
8.461,7.311,33.56,4.151,2326.63
2.527,25.939,29.87,1.989,6505.05
12.355,42.728,19.65,1.472,6666.02
13.534,52.768,13.87,0.411,5335.29
7.419,4.244,23.03,5,1170.68
7.395,3,36.27,5.315,2421.2
8.155,19.185,26.23,1.838,1554.32
8.969,5.668,35.59,3.598,1646.76
7.638,6.493,34.4,5.195,1470.85
11.732,62.143,23.08,0.849,3161.16
12.748,26.553,25.64,3,4684.2
7.241,11.046,31.51,4.288,2555.76
7.801,12.644,32.34,5.251,1383.12
6.934,23.479,33.48,2.007,778.95
6.972,2.86,31.5,6.474,615.5
6.619,0.5,25.85,6.998,408.16
7.501,10.644,27.39,5.292,1873.64
4.362,50.381,24.72,2.427,4907.34
8.376,6,22.03,4.683,1655.12
7.163,5.918,29.66,2.92,1359.18
7.936,6.132,26.97,4.032,1602.82
7.404,0.5,23.71,6.228,747.06
7.523,8.791,30.68,3.843,1227.49
6.595,0.5,25.96,8.574,1500
7.701,0.838,24.08,6.769,1095.34
8.932,19.807,24.67,2.499,2159.89
3.304,20,21.89,1.107,6333.48
8.24,24.932,29.27,4.31,1684.06
7.437,2.257,25.8,6.739,1206.42
3.236,51.845,24.46,1.508,4993.61
12.637,81.957,32.52,0,5618.11
8.296,6.697,28.51,3.995,2038.4
6.585,30.735,35.42,4.309,951.84
7.535,0.5,29.41,5.755,1022.93
7.562,6.278,24.6,7.36,551.46
13.108,29.06,29.51,2.468,6490.61
7.905,15.392,29.13,3.475,1034.79
3.367,59.995,33.07,2.208,4885.58
8.318,7.488,34.9,3.933,1609.03
7.344,6.698,25.42,7.197,1044.81
8.118,6,32.56,2.177,1539.32
12.308,56.62,32.02,0.952,4133.99
3.731,64.504,19.01,2.525,5340.99
12.834,67.469,31.43,0.759,5504.39
10.702,53.316,24.06,1.99,5200.35
3.005,62.834,31.93,2.995,8403.49
7.137,3.211,22.33,8.25,996.48
7.271,6.244,38.72,3.656,1252.05
7.071,18.429,23.65,3.404,734.51
2.611,51.73,35.9,1.647,3094.27
7.913,6.007,20.31,6.514,1045.16
10.347,59.305,36.87,1.324,6163.51
6.631,18.522,24.64,4.135,1482.33
7.691,10.656,24.34,2.852,2426.68
11.638,50.376,28.62,1.271,5279.14
11.977,32.043,37.73,1.976,6893.87
6.827,1.657,26.21,9,1160.75
7.383,13.106,26.94,4.037,1729.85
7.836,12.55,39.63,4.453,1671.16
8.367,18.326,24.94,2.82,500
7,10.437,35.18,4.827,2295.79
6.983,2.225,23.34,5.987,1024.46
7.947,9.464,28.66,3.604,1000
7.445,2.381,25.17,6.13,911.47
7.73,11.384,28.71,4.797,500
7.177,12.824,34.25,2.558,1422.18
8.74,19.257,26.1,5.613,1731.08
7.926,4.848,26.46,7.626,884.94
7.825,3.707,37.62,3.409,2480.78
7.424,0.5,24.45,7.821,735.52
6.71,25.445,34.02,3.592,513.13
6.59,6,30.54,4.067,2821
8.074,7.714,27.13,4.374,2282
2.986,47.13,31.82,1.079,4395.75
8.399,6.016,27.96,1.862,1925.34
7.335,5.098,22.18,7.762,1339.25
7.192,5.345,22.29,6.317,633.23
9.462,36.632,30.5,4.182,894.95
4.337,28.712,21.55,2.133,6666.13
7.49,3.76,29.5,6.976,1167.07
12.366,31.159,25.39,1.694,6777.51
2.613,60.639,27.82,0.694,5733.82
8.495,7.914,27.4,3.101,1825.19
7.92,1.849,25.9,5,1221.46
8.392,8.289,30.6,2.11,500
8.196,28.212,26.5,3.263,1986.37
11.86,28.612,28.2,1.673,4761.28
7.533,6.304,34.52,2.416,1288.64
7.496,16.898,25.85,3.34,500
7.146,0.779,27.98,5,336.02
8.895,17.08,29.25,4.896,1559.98
8.403,4.394,36.17,3.56,2986.9
3.003,45.655,26.59,1.819,5866.28
7.051,2.809,16.38,8.081,954.43
8.671,35.705,26.85,2.655,2299.72
2.403,35.492,28.28,2.111,3000
12.102,42.829,33.31,1.292,3726.64
7.274,7.505,20.49,7.33,1036.05
7.748,5.216,30.52,7.712,959.94
3.1,28.233,21.56,0.711,4425.83
8.398,13.86,21.17,2.258,1417.3
7.103,4.216,30.32,5.689,732.77
12.212,20,29.34,1.04,5521.51
8.166,10.393,29.75,3.86,2081.58
8.1,7.213,34.38,2.42,1145.19
6.294,21.119,25.17,3.951,588.92
7.542,12.223,21.58,4.869,3869.18
7,3.971,38.22,4.387,2600.9
7.685,22.788,30.16,4.184,500
6.873,0.5,25.5,5.822,775.14
7.486,6,24.86,1.5,2020.02
7.198,18.66,31.87,3.753,903.82
8.502,18.242,27.44,4.168,1238.89
7.57,9.056,30.22,3.847,2304.18
13.261,74.329,35.18,2.649,5914.26
7.558,20.667,31.15,5.159,660.14
7.398,6.602,26.31,6.434,1343.08
6.266,17.435,30.84,2.118,1074.79
8.108,14.255,24.17,2.336,2074.63
7.487,9.717,29.52,3.848,3043.01
3.678,52.837,23.69,0.562,3000
7.552,5.39,28.68,5.665,990.33
8.12,18.129,27.3,2.563,1625.64
7.453,19.856,31.87,4.736,2248.32
7.516,5.211,25.72,6.344,923.24
7.932,9.964,36.64,3.246,1515.59
8.335,12.232,28.36,3.636,1931.42
7.899,3.628,33.52,5.567,2146.59
12.146,20,29.83,1.521,7016.43
7.15,13.735,27.69,3.01,691.77
8.226,3.985,28.59,6.424,1486.25
7.509,31.206,25.44,2.956,1827.11
10.361,26.477,21.26,2.843,6880.6
7.319,1.722,24.89,5.953,1034.77
4.5,36.878,13.94,1.083,3000
7.536,19.226,30.95,2.201,1883.7
12.321,73.684,25.88,2.048,3803.77
7.192,3.62,28.8,8.864,1212.52
6.977,6.393,25.45,6.723,1228.94
7.701,20.08,24.54,3.483,1635.51
7.515,24.035,27.34,3.841,2434.8
7.232,13.171,30.12,3.524,3459
14,20,29.09,3,4113.28
7.033,17.45,21.28,3.183,2448.85
7.314,5.061,24.64,7.001,717.42
7.27,5.058,25.55,7.453,1282.46
7.749,9.802,26.82,2.65,1499.54
7.292,4.521,23.55,7.508,1265.39
7.953,4.015,29.54,6.551,889.92
3.962,44.955,23.37,2.472,5930.75
7.555,5.02,20.78,7.84,200
8.573,8.027,26.11,3.459,500
7.217,3.558,24.92,5.485,1078.51
8.051,1.885,22.99,5.894,1008.42
2.975,59.036,37.27,1.681,7805.21
7.92,2.082,22,7.479,847.33
6.694,0.5,27.22,5.637,489.5
7.866,12.794,25.26,5.357,2255.69
7.33,24.507,25.3,3.618,1808.36
7.988,6.495,23.11,3.832,2175.09
7.613,3,34.97,5.43,1442.78
7.822,8.171,29.11,4.811,2827.14
7.959,27.085,29.86,3.577,500
7.413,8.767,35.46,4.966,1946.21
7.328,5.557,23.53,6.731,881.47
3.744,24.856,22.59,0.815,7252.82
7.915,8.519,32.72,5.183,2038.03
7.594,4.815,30.29,2.731,1310.64
6.937,0.5,22.79,6.39,831.06
8.502,7.383,31.37,4.73,1229.88
6.077,37.072,20.08,4.314,1342.86
8.172,6,27.18,2.838,1029.8
3.279,71.711,31.97,1.29,4469.52
6.16,6,22.97,5.221,1323.82
6.963,18.638,29.95,3.822,2141.71
2.928,72.829,23.29,2.161,4877.82
13.721,57.798,32.59,0.278,6062.4
7.333,3.333,26.33,7.539,937.06
7.492,0.97,21.73,7.944,1214.61
7.461,9.542,36.83,4.592,2321.37
7.544,6.131,22.52,8.524,598.78
12.399,20,35.75,1.798,6441.64
8.256,11.627,33.32,1.745,1579.1
7.089,17.232,27.68,4.079,2932.12
7.484,18.944,23.07,4.227,694.88
3.017,69.411,34.28,3,4682.17
6.339,32.001,25.4,2.919,500
8.533,7.589,27.5,4.506,1958.05
6.05,24.76,31.96,3.8,1380.37
7.518,15.339,38.33,5.223,1541.9
9,6.397,36.85,2.26,1357.69
3.54,26.308,31.01,1.277,6667.93
7.454,9.501,30.86,2.202,2334.5
10,55.848,34.39,0.964,3921.02
7.522,3,32.29,3.635,1959.32
7.386,4.779,25.54,6.366,888.21
7.411,3.06,21.87,6.655,597.43
7.597,9.124,30.89,5.406,2916
2.78,55.658,22.01,0.823,3000
11.588,37.133,29.47,1.688,7833.92
7.061,21.225,24.91,3.773,2241.75
7.853,10.611,36.6,3.273,1481.3
7.34,5.107,23.18,6.192,767.09
6.971,5.88,21.78,6.766,988.69
8.518,15.198,34.87,4.165,1093.43
7.61,6.343,36.05,3.228,1471.92
3.521,20,27.29,1.321,5487.88
7.063,0.5,22.59,6.32,650.08
7.09,5.099,28.09,5,1037.31
4.348,53.962,35.62,0,4390.96
7.674,19.291,30.69,4.268,1247.2
2.843,47.145,28.14,2.125,5739.79
7.881,3.192,21.69,5.842,430.56
6.914,3.792,28.65,5.502,865.13
7.764,13.377,28.15,3.721,2833.78
10.604,20,37.1,1.728,7875.93
8.083,12.526,29.05,3.591,2020.95
7.8,28.584,26.09,4.999,1323.68
7.211,1.211,24.5,6.694,1000.52
10.616,25.441,31.82,2.382,5052.94
6.601,13.454,24.26,3.61,1322.9
7.358,24.131,29.16,3.934,2190.76
7.891,16.385,23.51,2.406,1924.41
3.488,32.78,29.95,2.949,3834.96
7.658,8.906,35.17,4.736,1666.89
12.803,20,24.5,2.011,5378.05
7.653,3.301,30.13,5.871,1500
8.244,9.161,34.38,4.495,1591.83
7.639,12.189,35,3.771,1653.1
7.298,21.803,31.17,4.462,1776.22
2.83,26.338,21.28,1.632,4725.65
10.983,36.347,30.6,0.839,7577.66
2.818,73.479,25.64,1.337,5272.19
6.276,18.102,21.96,3.372,790.39
7.757,3.052,23.67,7.208,1037.18
3.547,65.543,25.2,1.132,3000
7.565,0.5,19.7,6.125,705.07
9.135,27.51,24.73,2.854,1986.04
6.949,14.927,30.8,5.172,1097.23
10.219,48.742,26.37,2.8,6944.38
7.425,4.804,36.94,5.272,1000
7,6.386,34.03,2.139,1620.27
7.39,0.5,25.9,7.084,648.42
3.626,20,23.79,0.287,4066.08
7.135,3.36,20.25,7.065,642.97
2.726,29.731,28.35,1.292,5620.06
6.841,7.098,24.33,4.99,1391.26
7.428,24.99,26.35,2.673,2301.27
7.722,2.16,32,6.361,1207.11
6.812,32.56,28.73,1.971,1354.86
7.616,1.549,24.48,7.57,1111.35
6.805,4.291,24.56,7.782,587.39
6.5,3.25,26.33,5.584,1445.42
3.551,41.138,22.86,0.516,4806.05
7.75,33.815,24.36,3.215,1646.99
7.485,3.737,28.27,6.324,814.54
7.673,8.716,30.22,2.96,1780.33
3.376,20,23.31,1.235,5007.81
7.508,0.683,24.12,7.231,740.64
7.897,3,35.81,3.21,1000
8.088,11.883,30.25,3.16,1441.99
6.443,6,22.7,4.239,530.13
10.814,28.931,20.34,1.681,4719.25
7.627,16.388,29.04,2.161,1861.1
7.239,3.438,26.54,6.747,669
8.032,9.88,27.23,2.431,1454.2
8.094,10.618,34,2.849,2148.78
7,10.825,35.33,4.314,1881.85
7.689,5.953,22.23,7.15,880.74
11.767,46.274,27.11,1.92,6265.93
8.131,18.795,28.31,4.681,1375.07
13.077,50.843,29.26,0.802,4295.4
7,8.518,39.7,4.403,2082.16
7.842,2.278,21.06,6.808,777.57
11.204,56.677,24.72,0.244,7133.63
14,42.485,38.62,1.278,5276.33
2.788,20,24.77,1.555,6444.84
3.668,48.399,38.77,0.87,6854.73
7.008,1.859,27.17,8.143,1269.26
12.27,44.301,25.03,2.623,3905.84
11.794,57.471,27.5,0.82,3529.42
7.774,3,36.35,2.411,2160.08
7.957,12.763,33.78,3.322,1787.78
2.739,68.54,40,1.955,3000
7.809,6.175,35.19,4.561,3500
7.959,9.918,40.02,3.537,1224.12
8.249,3,35.02,4.48,1537.61
8.161,4.145,30.62,7.422,890.68
7.315,12.563,37.43,3.554,2344.45
8.61,22.938,24.75,4.11,657.58
10.531,48.511,11.66,0,6463.76
7.423,3.266,25.9,6.18,364.24
7.122,3.828,27.91,5.119,861.14
6.23,6,22.24,2.334,1510.27
7.206,3.342,24.33,6.481,752.43
8.144,10.059,41.09,2,1000
11.466,35.993,33.04,1.46,6811.26
7.948,6.924,33.46,3.657,2779.43
6.938,6.284,22.92,8.173,910.33
7.713,25.07,24.14,3.541,1434.19
12.318,33.946,33.93,3,5214.03
8.234,7.317,35.92,2.75,3035.21
8.096,18.377,37.87,3.046,2190.53
8.929,26.587,32.83,2.589,692.5
7.586,2.626,25.85,7.351,994.85
7.058,32.711,23.96,3.965,2214.98
7.648,3,32.95,2,3439.39
11.743,40.186,32.58,2.017,4939.94
12.334,44.099,30.67,1.615,4320.11
13.829,20,18.97,1.237,4059.42
7.28,5.379,27.23,6.27,1297.74
7.915,10.667,38.05,3.082,1000
7.991,4.684,41.05,3.999,1894.76
3.568,45.391,24.58,1.815,6017.82
7.58,27.433,36.87,2.457,1922.83
6.802,2.823,24.25,8.493,1071.72
7.629,11.112,40.15,2.888,1858.37
7.439,1.546,26.61,8.301,1355.78
3.312,40.64,30.75,2.355,6213.48
8.29,4.91,33.7,3.598,1711.86
8.799,3,34.66,4.601,1129.12
8.611,10.508,35.54,2.267,1910.78
6.945,19.437,34.05,4.346,1924.03
6.73,2.538,24.05,7.061,805.94
6.823,4.221,24.03,7.005,951.55
6.941,3.685,28.45,7.984,622.66
8.059,11.647,31.62,4.514,2418.14
7.733,17.827,27.59,2.704,1749.36
11.64,56.117,31.3,1.732,4114.67
7.651,18.638,32.62,2.363,1184.86
6.494,18.774,25.55,4.8,1689.23
8.111,6.739,34.58,3.154,2521.72
3.068,24.98,26.38,0,5513.68
7.74,0.958,22.76,5.076,709.33
7.89,2.095,29.12,7.92,1150
7.448,2.875,28.23,6.457,1027.65
11.661,38.227,28,1.024,8661.88
7.811,6.052,35.17,2.3,2943.8
7.811,6.762,27.74,6.143,875.82
7.535,3.499,23.4,6.998,511.16
7.766,8.392,42.54,6,2328.54
7.551,4.85,36.69,4.903,1000
7.527,3,38.15,3.655,1478.95
10.757,44.424,39.81,0.95,3165.88
7.678,13.617,28.97,5.829,2872.99
3.407,20,32.11,1.79,4702
7.805,10.897,29.19,2.864,2865.23
7.642,4.903,41.46,3.716,1427.07
11.021,45.462,17.37,1.092,5328.96
8.465,10.086,34.82,4.141,1429.2
4.318,26.515,34.15,0.708,5331.26
7.503,7.113,31.05,3.182,1000
2.018,74.911,23.33,1.171,6347.45
7.665,28.416,24.01,4.328,1283.35
6.535,0.5,22.24,6.026,823.51
7.873,6.339,34.56,2.882,1438.64
3.636,44.73,28.7,0.63,4887.46
7.069,4.402,24.26,7.535,724.92
7.506,2.034,28.42,6.036,1277.14
7.9,8.342,35.49,3.424,2504.71
7.625,3.488,27.65,6.071,803.63
11.871,28.821,23.35,1.379,4804.14
3.343,66.006,29.19,1.17,4799.56
2.766,45.286,30.44,0.744,6207.41
7.424,6,28.44,4.77,2462.9
9.5,9.912,32.2,4.348,1777.03
6.5,4.27,23.07,6.079,717.94
7.772,4.919,37,4.309,1851.39
13.132,65.909,37.4,1.354,6650.59
7.603,19.527,28.92,4.678,2138.67
2.72,45.621,23.63,1.769,4425.36
7.173,8.678,30.4,4.191,1339.51
7.701,13.682,29.45,2.543,1573.14
6.89,4.181,19.4,5.261,710.53
4.5,46.288,25.09,1.96,3232.73
6,6,30.29,4.175,1709.17
10,65.541,31.09,0.931,6946.88
7.001,6.368,24.93,8.239,1454.58
7.405,6.778,45,3.612,2844.97
7.429,2.905,25.97,7.393,1253.92
7.749,3,33.83,3.315,3163.1
7.112,2.146,22.88,5.908,494.68
6.356,24.899,20.4,4.798,1258.86
7.573,4.745,25.2,6.962,1044.62
7.292,2.868,24.32,6.507,871.36
7.574,3.988,29.56,6.116,964.41
7.462,3.392,17.23,5.528,844.64
7.648,9.89,29.46,5.759,619.51
6.936,3.374,30.14,6.473,1136.72
7.955,3,34.15,3.449,1583.07
2.487,79.93,20.1,0.547,4928.02
6,25.136,29.36,2.823,1472.33
2,42.348,31.33,1.99,4710.79
14,47.559,28.88,1.38,4964.91
7.813,16.224,25.22,3.904,1940.16
7.421,0.5,24.52,7.3,1100.5
3.392,57.185,31.62,1.731,3000
8.291,6.694,30.46,3.275,2536.17
3.231,44.375,23.71,1.333,6641.84
7.56,6,23.96,4.19,500
8.317,10.441,27.37,3.475,1600.22
3.138,20,26.81,1.83,5725.76
7.495,6.272,30.88,3.511,2144.14
8.628,23.716,33.72,3.693,1360.85
6,20.113,31.19,3.995,2007.57
14,45.632,36.43,0.933,3000
7.219,3.88,24.19,5,735.14
7.109,1.653,19.35,5.737,1127.91
7.02,3.478,18.48,6.55,741.31
8.906,8.322,24.11,2.268,1824.35
8.525,4.65,32.68,2.332,1771.66
12.159,20,27.36,1.085,5942.15
7.3,42.259,27.68,2.976,2167.09
7.767,2.803,22.88,6.438,813.44
7.432,1.91,24.09,7.021,839.11
7.441,9.684,30.32,4.711,1678.93
12.257,21.221,22.87,0.242,3925.41
7.927,18.08,30.45,3.728,2326.01
10.361,41.529,26.14,1.053,6370.41
7.811,10.155,37.16,3.883,2614.2
7.724,6,28.06,2.17,1399.74
3.914,71.596,36.34,2.498,5471.4
8.453,30.351,21.42,5.019,998.61
7.877,4.19,27.01,6.891,967.26
11.531,35.971,35.9,1.334,6930.42
6.956,18.039,21.07,4.783,500
7.909,5.101,22.22,7.736,614.42
7.14,3.417,32,6.606,807.66
7.621,22.764,24.31,3.075,1810.53
3.783,52.332,33.53,0.608,4170.14
7.304,5.413,22.12,6.397,435.42
7.572,6.755,36.33,3.226,1183.28
7.915,3.652,26.59,6.877,465.42
7.682,9.557,34.98,3.924,1921.9
13.93,55.038,25.66,0.292,3000
6.822,4.422,26.67,7.586,976.62
7.772,3.848,21.81,6.418,1052.48
7.95,4.081,34.64,4.477,2649.86
7.097,2.92,27.71,8.6,549.67
3.04,62.732,40,2.842,6985.01
4.073,69.045,21.36,0.933,5736.51
7.67,0.707,16.89,7.948,327.66
13.177,59.543,22.87,1.403,3000
7.73,6.22,32.47,3.434,1328.95
7.077,11.263,37.93,6,2005.15
6.789,13.153,27.28,3.745,870.68
8.483,17.732,34.07,3.97,1023.77
7.765,3.293,24.32,5.672,846.97
7.522,29.699,26.46,3.966,1287.66
6.925,0.5,19.72,6.501,1213.53
7.25,10.679,30.64,3.69,1567.78
7.028,2.505,28.56,7.739,1053.24
7.858,14.566,24.73,3.513,1992.27
7.127,4.837,26.53,6.476,961.32
7.373,3.119,28.84,5.049,699.67
7.319,0.5,20.63,7.319,1034.06
8.163,3,41.34,3.861,2571.03
8.374,13.283,40.29,3.147,1917.06
11.83,64.853,39.37,1.68,4346.21
7.323,2.274,28.72,6.697,1086.62
8.13,1.035,25.44,6.369,800.14
7.609,3,31.69,4.89,2337.59
8.14,11.173,37.05,3.034,1806.51
7.329,5.495,24.61,7.387,354.61
7.601,2.654,26.65,6.417,1065.52
7.519,0.5,29.48,7.873,1174.62
7.465,7.421,28,7.193,681.12
7.927,23.448,24.03,3.179,949.36
7.575,17.795,34.83,4.701,500
7.69,0.556,26.42,9,1177.28
8.208,0.5,25.86,7,564.84
8.249,10.605,43.41,5.808,2306.71
7.506,0.992,26.14,5.056,907.17
6.419,6,29.59,4.543,2234.3
8.232,8.165,33.47,4.822,1404.52
7.529,4.679,32.81,4.358,1499.78
8.071,5.061,33.89,3.03,1398.9
6.351,13.172,29.75,3.667,1034.44
7.483,8.228,39.27,3.922,2407.24
7.554,3,33.4,3.214,1641.61
7.763,3.918,26.37,5.991,1079.17
3.973,49.978,28.38,2.372,3878.86
6.649,0.5,23.16,6.677,957.13
12.755,26.853,26.17,1.696,4214.44
7.807,1.938,27.09,6.52,958.51
7.063,3.844,24.59,5.543,1045.81
7.75,22.205,35.04,3.834,1815.73
9.194,22.634,25.12,3.809,1952.01
8.215,26.946,33.17,3.486,1474.29
7.572,25.5,31.68,1.737,1374.16
7.76,14.97,37.41,4.973,1000
12.515,20,25.15,2.247,4759.02
7.886,2.455,28.27,6.13,952.56
3.193,20.747,28.69,0.881,4825.27
7.278,2.275,24.22,7.166,782.26
7.052,3,42.35,4.593,1666.19
7.06,4.79,22.46,7.387,263.79
7.429,9.689,20.24,2.822,2114.34
4.123,20,29.43,2.21,4726.94
7.703,0.5,25.96,5.582,611.18
7.546,4.679,36.27,2.575,1642.13
7.662,3.066,33.78,5.702,2411.61
7.093,0.5,29.47,7.556,1267.07
8.552,29.952,30.37,3.062,891.41
7.632,5.463,35.56,3.732,1886.58
3.877,36.419,17.36,2.074,6961.95
7.075,15.997,39.12,2.84,1943.92
8.425,15.715,30.52,3.389,1000.55
11.64,67.99,23.87,2.816,4427.34
7.877,4.297,28.66,7.99,838.24
3.181,60.18,34.94,1.9,5449.51
2.86,69.329,24.32,1.994,5712.11
8.312,26.569,27.43,3.818,1356.25
7.23,24.422,31.22,2.575,500
12.921,75.851,19.36,0.238,3303.52
7.519,20.464,30.69,2.306,934.87
7.068,5.3,28.44,5.7,2557.93
6.597,1.899,23.7,8.496,1195.64
7.38,12.977,22.63,4.015,1568.62
7.928,24.468,25.75,2.266,2618.28
6.58,23.663,28.82,1.646,1541.7
7.079,7.153,24.6,6.143,1240.69
7.337,0.5,21.37,5.846,984.19
7.524,23.182,31.62,3.228,1570.52
6.247,25.235,32.41,4.01,685.22
7.295,2.952,27.12,5.373,1066.65
7.996,20.111,23.07,1.717,1304.71
3.898,41.576,26.77,1.701,6222.99
7.943,11.354,26.81,4.441,536.47
6.964,3.787,26.45,6.864,228.53
7.326,1.889,24.64,5.598,1203.44
7.939,24.338,30.79,4.31,2542.26
7.988,11.635,34.44,3.5,2324.52
8.342,8.753,42.07,3.623,1528.03
11.209,44.249,15.63,2.536,3255.93
7.46,8.451,33.97,2.685,1119.58
6.271,17.293,31.75,4.816,1763.55
6.415,18.161,30.79,3.468,2828.51
7.347,1.89,26.1,6.31,367.13
8.5,2.931,27.02,5.949,1369.02
6.137,6,31.71,3.133,983.82
10,64.814,29.95,1.497,5718.27
8.309,22.082,26.33,3.379,1551.93
7.213,13.571,37.98,3.759,2372.36
8.01,23.25,27.15,3.184,1472.82
7.717,3,35.99,4.705,2883.58
7.923,11.425,24.48,5.536,803.26
7.916,9.679,40.39,2.351,2162.69
7.643,3.534,28.52,5,826.78
7.786,6.314,30.37,2.223,1066.83
7.463,10.249,31.73,3.662,1000
6.102,36.489,28.45,3.512,660.75
7.381,1.752,24.09,5,986.62
8.13,19.711,27.36,3.656,2080.85
12.375,42.92,19.81,1.096,4769.75
7.06,3.057,29.63,6.521,827.55
3.514,53.899,28.38,2.168,5962.82
6.553,3.578,23.17,7.17,748.28
7.701,6.071,34.22,2,1874.87
7.971,2.961,25.23,6.794,1410.75
6.85,0.548,24.65,7.283,1007.54
2.59,34.68,26.72,1.283,6383.72
11.846,64.585,17,1.244,6135.96
8.709,13.197,29.84,2.959,2374.06
7.399,0.512,26.08,6.576,993
13.698,47.068,22.98,1.229,4970.7
8.46,18.498,28.54,4.343,1926.06
7.163,9.214,26.67,1.752,1426.13
12.788,34.34,28.39,1.21,6175.2
7.471,3,37.45,3.283,3383.96
7.767,3,31.1,3.054,1901.29
8.154,3,31.64,3.509,2563.43
6.924,3.154,22.97,6.958,200
7.456,16.937,31.33,5.026,1704.61
2.749,20,36.6,1.736,4676.25
7.575,7.911,24.6,5.428,582.33
12.752,38.284,24.22,1.906,3000
8.243,21.435,28.96,3.37,500
13.704,50.179,32.62,0,10000
3.809,75.286,21.56,1.02,5421.39
7.207,3,40.23,2.82,1000
7.012,5.492,24.7,5,1029.89
6.583,9.533,32.77,3.449,2316.11
7.57,24.711,27.1,3.826,1337.8
7.443,3.388,23.19,6.966,890.57
8.48,8.076,34.55,2.404,1339.07
7.632,4.79,24.9,5.262,314.67
7.532,6,27.91,3.507,940.16
7.017,2.021,27.87,7.173,672.52
7.437,27.606,25.79,2.357,1060.49
8.464,17.586,21.48,6,1372.36
7.117,10.528,31.53,4.045,1983.37
8.224,33.173,33.64,4.766,1146.63
6.51,20.075,29.58,3.085,1494.88
7.951,0.5,23.61,8.295,718.81
7.794,5.656,32.88,3.436,2534.31
7.631,8.357,29.44,4.572,1302.04
8.033,2.359,26.36,5.996,964.62
7.847,1.749,24.03,7.552,975.67
7.039,2.35,25.25,5.352,917.7
7.059,3.118,25.4,6.948,1042.09
10.002,76.816,15.38,0.318,7331.42
8.363,26.043,30.13,2.353,1565.19
7.505,10.571,36.24,5.515,2072.95
7,8.887,35.28,3.544,2379.03
12.552,20,26.13,1.312,5882.65
8.868,18.49,25.79,4.166,1486.34
4.5,72.563,25.22,0.812,6633.91
6.694,20.916,24.95,1.5,681.46
10.795,40.469,37.05,1.535,4877.19
8,25.626,26.21,4.324,769.76
3.03,25.178,26.08,1.57,5985.98
12.471,58.425,33.46,0,5914.93
6.903,19.339,34.55,3.915,1419.16
7.112,0.5,17.91,6.253,965.03
7.105,5.784,25.8,5.48,733.34
3.888,100,30.69,1.894,6743.97
7.683,5.004,38.4,4.011,1559.25
7.629,4.752,31.42,2.518,2155.63
6.667,23.919,30.23,3.666,2275.97
8.289,3.978,34.47,4.517,1555.25
7.307,3.881,24.61,6.763,519.2
7.643,0.5,23.06,5.9,568.54
7.687,3.228,25.01,6.303,762.81
8.379,3,36.41,3.27,2417.73
8.666,10.107,29.64,3.861,1864.28
3.007,38.136,20.34,3,3000
7.142,8.702,23.37,2.495,2025.04
7.276,4.168,24.42,6.602,658.7
3.16,30.8,17.69,2.223,3221.28
7.638,12.135,36.75,5.044,1827.61
3.616,52.669,20.63,0.31,5081.92
10.904,20,33.55,0.808,7135.85
7.903,16.393,28.6,3.822,1879.07
3.282,26.997,20.49,2.479,5245.14
8.318,10.126,32.96,4.539,2220.98
6.897,1.797,22.84,5.208,905.52
6.973,1.616,25.88,6.519,885.33
7.48,13.535,26.93,3.377,712.68
6.562,6,29.3,3.344,642.08
7.013,1.695,25.06,6.319,717.64
8.443,5.374,32.6,3.489,2611.88
11.877,64.839,28.59,0.644,5256.78
6.968,0.5,24.7,8.59,955.15
12.053,52.849,23.48,1.186,3065.49
3.006,49.644,30.4,1.437,5325.08
8.22,23.93,28.29,4.569,1035.28
7.804,16.85,33.28,2.895,1933.85
8.383,11.967,35.04,2.365,1717.91
6.519,33.174,19.51,2.158,1302.88
8.499,11.617,35.22,3.819,500
7.474,12.546,34.93,4.918,1247.82
7.308,0.5,24.16,5,1144.25
7.599,25.87,23.19,4.775,855.73
7.502,6.002,28.33,7.196,1356.3
8.286,4.682,37.87,4.26,2497.17
6.931,3.088,30.33,6.269,1156.67
7.631,4.877,19.1,7.325,311.21
7.505,10.58,35.12,2.733,2925.52
9.5,14.009,23.6,2.546,4000
2.84,50.478,27.24,1.58,4916.16
6.516,2.934,26.52,7.138,1175.54
7.868,9.743,36.39,5.513,1078.89
6.739,1.777,20.16,6.337,1323.14
10.547,20,29.28,1.202,3716.71
7.11,25.467,29.43,3.282,1364.46
7.379,1.574,18.54,5,916.48
7.886,9.973,29.49,4.172,1856.84
7.119,25.562,28.03,3.483,2348.67
13.643,20,20.82,1.756,5504.48
6.731,6,29.84,3.999,1011.4
4.049,62.434,31.9,0,5730.26
7.816,8.178,33.53,3.131,2016.96
7.608,25.627,29.01,4.553,1183.93
7.758,3.098,25.06,7.182,825.44
2.784,20,35.81,1.163,4880.94
7.653,8.13,36.86,6,1670.6
8.056,5.172,32.12,4.266,1872.7
7.563,4.12,24.25,7.56,1065.97
11.489,68.904,23.97,0.7,3707.84
7.931,5.128,28.26,3.253,1787.14
7.226,2.519,27.45,6.754,925.71
7.992,8.907,31.83,5.123,1819.12
2.806,48.143,35.18,2.948,4543
8.234,17.083,34.32,5.659,501.77
7.984,9.85,25,5.078,1721.12
7.254,18.689,23.88,1.5,1667.24
7.506,12.992,25.59,3.612,500
7.545,4.871,22.73,7.601,1016.88
2.902,23.651,34.01,1.585,3000
7.105,3.643,29.12,5.536,499.36
7,5.784,31.53,4.792,2401.91
3.074,32.654,20.67,1.286,7407.1
3.027,28.283,26.54,1.187,5592.14
2.743,35.169,27.06,0.705,3513
9.033,38.077,28.69,1.982,1564.04
7.326,17.762,27.09,3.885,500
7.488,10.506,41.98,5.093,2484.56
6,20.985,26.01,3.136,500
7.538,26.699,35.17,3.015,500
7.37,6.368,39.18,4.247,1745.03
7.425,10.37,32.88,2.271,2188.2
8.588,33.838,29.63,3.888,1806.7
12.354,75.368,28.82,1.939,5894.12
13.851,40.08,20.11,0.946,5493.02
7,8.832,42.21,4.107,1731.44
7.576,3,30.88,3.673,2502.21
11.669,71.454,30.84,2.38,4987.46
7.254,7.285,28.56,6.534,813.77
7.373,6.499,23.16,6.972,844.25
7,4.474,31.62,3.371,2090.84
7.716,5.992,31.04,5.123,1355.43
6.5,2.949,24.93,7.107,763.34
7.064,3.373,29.98,5.242,776.1
12.045,20,24.87,2.049,3285.59
3.668,38.859,33.82,1.525,3442.19
12.397,47.29,29.43,0.189,3390.36
7.559,2.748,19.02,6.291,800.61
7.394,2.141,21.73,5.668,1132.55
12.918,31.402,24.65,0,5830.44
7.075,2.821,25.26,6.03,852.29
8.737,7.266,35.03,5.545,3355.88
8.562,5.768,31.7,3.359,1449.25
6.801,4.641,24.64,6.665,1146.1
7.649,4.849,23.66,8.011,619.05
6.726,2.666,26.75,5,676.03
7.354,11.461,36.92,3.069,2323.89
12.62,49.598,30.15,2.518,3804.83
6.82,7.02,29.63,6.309,200
12.163,41.759,39.18,2.707,4115.86
7.531,0.5,23.39,7.117,1279.11
8.527,9.826,31.95,4.466,1412.46
8.591,6.865,25.04,5.285,1795.52
3.645,20,31.91,0.881,5362.11
8.339,7.395,33.7,2.864,2162.04
8.414,12.174,22.14,3.99,500
6.796,6.589,27.34,7.047,1426.64
7.811,3.449,23.18,5.902,1127.38
8.201,9.227,29.74,1.708,748.54
9.442,31.767,32.58,1.929,1468.74
7.213,1.996,24.94,8.033,864.97
7.947,11.222,34.85,2.615,1970.99
6.052,6,33.31,3.894,1423.1
7.075,2.328,20.76,7.046,998.36
8.23,13.134,29.13,4.974,2915.4
9.5,6,33.34,4.815,1281.63
8.482,17.749,35.26,3.657,1918
8.268,7.499,19.45,1.707,1522.51
7.659,11.948,23.86,3.843,1905.17
7.461,2.558,24.77,6.093,1104.41
10.506,60.556,21.76,1.971,4312.4
6.872,2.043,27.58,7.374,801.17
7.871,13.553,27.13,4.298,2191.43
3.829,63.779,29.51,1.102,5279.1
6.538,15.988,29.84,2.478,809.3
7.133,17.933,29.73,4.816,1886.85
7.271,5.894,29.82,6.89,439.33
7.39,1.701,23.77,5.243,1396.62
7.867,4.407,33.56,4.652,1771.79
8.278,6.257,28.91,5,1016.69
9.222,26.951,23.33,3.024,1899.2
7.061,8.123,39.24,4.238,2705.21
8.253,21.728,23.68,4.757,895.54
7.499,6.595,20.68,5.601,1037.52
2.939,21.975,27.31,1.489,4720.14
7.433,1.329,25.28,7.183,1025.88
8.939,12.095,29.66,6,2500.92
11.915,76.789,39.33,1.098,6764.02
7.427,11.426,33.89,2.227,1770.79
13.27,20.811,40,1.442,3852.73
6.987,3.244,28.9,5.737,957.19
8.483,3,25.48,4.51,1000
7.69,3.895,26.29,6.499,826.98
3.506,20,24.6,0.347,4759.32
7.912,20.304,22.1,2.162,1418.06
7.899,6.797,42.83,2.758,1759.6
2.768,20,29.77,1.658,3953.69
13.401,34.802,20,1.726,4286.77
7.505,11.878,25,3.96,1000
7.719,9.155,38.76,4.202,2184.43
2.819,37.177,32.22,1.213,3002.13
11.73,54.982,19.06,1.073,4110.8
8.024,21.401,34.93,2.692,2482.35
8.856,9.74,33.13,2.859,2196.78
7.212,2.857,24.73,7.199,822.34
2.167,24.831,34.65,1.889,5612.92
6.321,20.802,24.1,3.138,2081.56
6.689,24.665,24.82,4.719,804.13
7.211,12.902,31.89,3.691,1633.95
2.938,41.228,29.61,1.574,3039.35
6.376,26.731,30.87,3.013,1007.42
2.36,53.567,33.81,2.378,3541.5
7.584,32.935,20.99,4.497,1145.87
12.87,40.384,40,2.234,3985.92
7.783,3.687,32.83,4.659,2029.36
7.806,14.134,26.82,3.574,1079.73
7.761,8.93,32.21,3.129,3125.36
8.266,5.903,34.65,3.903,1000
6.907,1.366,23.88,5,752.65
11.016,29.036,26.99,2.346,3000
8.06,8.886,26.79,2.966,2505.97
7.132,3.037,19.59,7.624,1085.91
11.221,37.367,30.76,1.917,7405.55
7.37,3.817,26.18,5.873,238.33
8.185,15.027,36.28,4.304,1075.58
3.128,35.723,38.99,1.116,4075.96
3.447,75.748,30.37,2.119,3000
8.545,8.861,40.95,3.919,1542.04
2,39.345,31.14,2.449,3234.45
6.871,18.678,36,3.84,500
7.268,33.447,27.42,4.26,500
2.675,55.19,30.56,0.826,7515.86
7,6.531,32.94,2.204,1000
7.286,0.5,24.79,6.471,810.1
12.41,20,28.24,2.365,6512.62
8.245,14.172,25.99,3.829,3959.57
6.918,4.226,23.95,6.131,1281.71
11.6,39.645,27.24,1.76,3000
2.789,49.381,38.28,1.518,6464.21
7.63,9.508,31.79,5.085,2279.9
8.076,18.376,27.56,3.766,500
3.537,36.508,30.22,1.05,4386.02
7.549,2.485,24.11,5,1125.17
7.839,3,34.74,4.562,1424.24
3.446,73.282,23.16,0.659,3327.31
11.541,30.354,39.09,0.935,5524.04
13.611,28.996,21.3,2.602,6036.05
6.383,25.785,28.52,3.272,1769
8.729,6.431,32.64,4.965,1000
8.26,3,37.49,4.67,1396.62
6.519,14.254,29.98,3.309,1864.73
3.327,64.908,29,2.459,3000
7.298,23.108,33.71,3.751,1613.75
3.587,46.552,25.08,1.203,6656.72
7.509,4.945,28.6,5.191,904.69
8.542,30.62,29.14,1.906,1307.03
2,70.569,25.34,1.616,3959.35
7.18,11.562,27.49,2.657,1098.4
8.065,6.123,36.9,4.881,2257.56
11.564,38.764,33.38,0.601,4511.39
10.011,35.396,28.54,1.17,5146.23
10.658,20,24.03,2.478,3269.78
8.497,11.528,40.56,3.898,2222.55
9.141,34.07,27.53,3.149,1434.91
7.709,13.73,27.77,4.083,1732.39
7.228,14.197,29.02,5.568,2134.8
7.088,4.7,26.23,7.349,615.33
7.363,19.679,24.83,4.267,1453.37
10,27.736,23.39,0.429,6888.93
8.601,7.594,33.43,5.216,2195.9
8.059,3.543,25.81,5.976,530.24
7.128,14.116,28.9,2.395,1833.22
12.815,36.907,31.71,0.128,3822.02
6.84,5.253,31.96,6.166,1026.03
3.766,35.837,32.94,0.5,6239.68
2.072,37.099,29.46,2.408,4784
7.433,9.339,30.44,4.121,2674.42
8.009,12.368,26.38,4.377,1875.25
7.113,4.94,40.29,4.577,2317.64
11.273,60.627,20.15,1.526,5513.15
2.971,58.945,27.6,1.139,4744.66
7.902,32.683,24.12,5.136,500
7.369,2.49,32,5.712,522.45
8.108,8.344,33.51,4.223,1436.08
11.345,44.188,22.19,3,5344.36
7.866,19.426,27.39,4.455,1034.81
3.534,20,34.33,0.487,4950.4
6.169,6,25.68,3.307,1235.26
7.898,1.393,25.78,5.95,339.06
7.864,13.1,29.86,5.126,3135.95
7.946,24.456,21.36,3.28,1415.69
7.287,0.5,23.58,7.339,760.05
3.757,52.834,30.31,1.221,3000
8.066,29.423,32.35,3.095,1940.21
6.955,3.402,28.49,5.383,836.34
6,28.801,30.33,4.154,500
6.5,0.5,20.74,6.337,799.46
7.238,0.5,24.82,7.072,687.17
6.632,3.031,25.13,5.05,1260.08
7.893,17.438,20.76,5.199,1918.44
8.095,3,40.32,4.685,1629.72
7.387,5.486,37.02,2,2547.23
7,3,34.37,4.088,2612.58
7.655,11.964,24.23,3.583,1507.16
6.282,47.709,28.15,2.543,1452.68
7.433,3.979,28.26,6.394,998.35
7.42,6.772,34.16,2.128,1000
7.358,8.787,31.54,3.915,2400.18
11.819,65.881,22.85,0.613,6101.64
7.492,3.558,23.35,6.538,871.66
8.035,21.968,29.78,1.5,1460.18
7.321,3,45,3.139,3246.35
7.907,6.009,31.36,6,918.27
7.662,6.828,36.5,5.661,1681.66
7.623,10.996,37.02,3.998,1759.14
6.603,24.447,33.61,3.521,1593.79
7.408,19.029,30.77,2.899,1869.92
7.505,25.894,30.71,3.727,1313.77
4.109,23.083,20.8,0,5543.82
7.112,20.789,18,3.559,1525.83
6.451,16.482,28.54,3.412,2347.54
7.342,7.796,33.86,2.96,2123.36
8.4,11.509,28.93,5.305,1765.72
8.659,11.324,38.64,3.125,1000
11.991,33.162,23.49,0.86,7054.8
10.695,59.92,31.84,1.114,4652.2
6.937,4.195,20.19,7.39,480.86
7.443,0.5,28.66,5,1016.75
7.489,6,24.95,3.487,1463.54
7.745,10.354,31.3,3.121,1553.07
7.731,13.542,35.09,2.913,500
13.286,48.857,30.35,0.288,5590.99
7.4,0.5,21.86,6.684,627.67
8.273,4.49,29,4.759,1792.56
7.551,2.836,22.57,5.544,790.05
7.932,6.059,30.02,8.116,1500
7.939,8.037,41.4,2.983,2488.16
12.48,85.536,21.37,2.144,3510.7
7.746,12.235,38.87,5.422,1467.56
8.786,4.252,30.39,3.076,2146.4
7.088,3.104,27.13,5.974,353.82
6.957,3.444,27.45,6.024,809.39
7.685,0.5,23.07,5,1038.96
7.682,0.5,26.47,5.408,1133.22
7.297,3.73,24.69,8.034,1354.92
7.708,27.048,29.5,2.936,1893.97
7.925,6.689,32.86,2,2142.35
10.155,20,24.26,0.907,7280.96
7,5.324,28.64,5.551,1845.88
7.605,20.922,32.12,3.277,2048.94
3.396,83.47,28.74,1.149,3437.82
2.36,46.935,24.32,0.533,7665.94
11.851,32.449,30.14,1.535,4486.97
11.986,71.099,30.07,0.136,3172.74
8.015,13.594,30.5,3.555,2860.83
13.382,29.404,32.28,1.698,3325.9
11.826,55.337,34.46,1.662,4184.02
12.598,93.032,31.17,2.287,5887.7
7.617,0.5,28.49,7.22,881.4
6.5,5.322,27.61,5.883,1092.14
12.596,32.752,23.97,1.642,3915.75
2.218,69.131,36.01,0.845,5494.74
7.557,5.343,36.03,4.691,2383.81
7.556,6.241,22.26,1.578,1728.59
7.515,29.135,29.19,2.77,500
3.06,20,10,0.812,5831.96
7.666,2.807,23.16,6.786,504.23
6.688,12.711,30.06,3.974,750.4
7.96,15.13,39.95,2.903,2321.64
7.948,21.997,23.03,4.77,2141.02
7.712,5.543,26.61,8.458,639.51
6.614,20.896,30.96,1.876,1842.93
3.925,58.633,21.06,1.764,6768.9
14,25.271,26.4,1.577,3929.56
10.442,43.475,33.37,0.83,5141.1
7.482,5.651,40.58,4.983,1952.63
8.285,6.331,22.08,5.859,898.04
6.89,8.267,32.19,2.831,1759.72
8.473,8.245,36.65,2.965,1000
6.678,9.509,30.71,4.492,960.05
6.841,7.37,27.5,2.662,2169.93
7.68,4.522,28.5,3.078,1141.25
7.335,11.513,28.63,4.158,1701.9
6.958,2.41,24.38,7.369,943.08
7.725,8.336,29.26,4.027,1903.41
7.426,2.481,22.29,6.064,234.21
7.714,5.366,31.87,4.372,1673.29
8.088,11.144,32.93,3.365,1826.72
6.519,2.384,20.22,5.389,794.42
7.723,3.521,28,6.75,1373.44
7.96,10.393,20.1,3.732,2337.63
3.938,20,28.69,1.067,4553.08
8.18,4.133,36.46,2.567,1898.62
8.041,3.028,24.54,5,622.09
7,16.822,33.97,6,1000
7.457,5.785,35.52,3.5,1866.39
12.981,38.516,35.65,0.995,4303.4
7.174,2.572,23.26,7.952,1010.3
12.961,20.46,28.04,2.635,4348.95
8.118,10.747,33.46,4.597,2461.52
7.763,3.704,20.16,6.309,1274.07
7.416,4.882,23.55,6.13,995.24
7.862,15.629,41.17,4.729,3038.13
12.26,70.485,22.01,1.486,4037.88
7.397,1.647,16.24,6.063,445.01
6.772,4.265,22.08,7.861,478.33
12.507,74.693,39.44,0.631,6879.59
7.819,4.095,40.94,5.267,3152.65
7.629,8.572,34.56,3.462,1815.44
7.469,9.018,35.04,3.48,2161.35
7.406,6.46,27.54,5.218,2458.67
7.014,3.355,22.73,7.307,1156.36
7.274,10.496,28.52,4.226,888.16
8.076,20.893,28.73,4.115,2075.04
7.811,9.775,25,5.821,2788.53
10,44.859,29.43,1.333,5645.21
7.964,27.711,35.21,3.5,3281.52
10.221,29.488,27.07,1.582,5177.5
8.759,36.726,23.73,3.693,500
7.794,21.396,28.12,3.654,1651.59
7.106,7.787,37.98,4.081,1247.64
11.916,20,13.25,2.099,4279.76
8.637,6,26.03,3.68,1832.14
3.451,20,24.15,3,5355.08
8.264,39.951,24.45,3.777,1991.92
7.117,18.539,21.97,4.687,1348.99
7.21,13.991,23.78,3.087,1575.53
6.293,6,29.63,4.297,1532.26
8.16,7.843,30.58,4.572,2095.33
8.383,24.02,30.96,5.405,1224.3
6.721,1.638,26.86,5.852,723.34
8.544,28.609,31.42,3.801,564.95
6.152,21.554,33.74,1.811,1397.83
3.588,20,21.34,1.56,3948.13
7.36,5.635,23.79,6.937,750.08
10,27.145,28.74,1.494,6103.48
7.298,11.561,31.44,3.275,1349.92
7.646,4.317,25.55,5,1067.44
11.416,46.047,29.64,0.785,5761.42
7.681,3.111,34.21,4.228,3151.25
8.573,11.733,27.35,1.863,1486.94
7.63,4.417,17.73,6.233,1421.66
7.704,10.684,25.03,2.361,1135.62
2.258,51.181,20.84,0.962,4858.59
2.79,25.021,29.08,1.674,4662.98
7.852,4.792,30.72,5.141,2173.67
7,10.998,37.44,4.028,2072.62
7.736,11.96,36.72,4.548,2422.27
7.31,2.438,25.34,6.604,708.81
6.5,0.5,18.55,7.881,1426.48
6.383,29.425,25.58,4.01,1026.08
8.389,4.505,42.28,4.126,1000
7.111,3,36.66,2,1745.3
7.397,19.092,27.68,4.303,2235.2
4.028,66.563,33.15,1.53,5822.7
6.889,30.462,32.24,3.946,1650.2
7.737,11.955,27.65,3.094,1660.43
7.718,3,38.45,4.344,2110.63
2.671,35.743,25.25,2.336,4095.06
3.122,58.207,24.98,1.87,4116.26
8.854,16.458,33.61,3.096,1934.62
13.057,51.299,33.64,0.958,3626.55
8.634,6.923,31,4.176,3098.37
3.549,55.728,30.84,1.306,6449.19
12.991,73.172,24.92,2.182,6262.45
7.098,6.246,25.75,3.21,1814.81
11.726,20,27.33,1.061,3000
6.904,0.5,22.99,6.355,1321.01
8.234,5.313,34.41,3.54,1612.18
6,16.04,21.31,3.436,1734.03
4.489,40.68,33.86,1.752,3985.89
7.214,14.668,29.04,3.219,1000
6.899,4.572,22.14,5.815,746.04
7.667,6.107,30.84,4.431,1000
7.24,4.415,40.47,2.324,1186.59
7.9,8.531,35.8,3.309,2340.01
2.847,29.051,29.36,1.351,3000
7.495,8.421,41.08,6,2937.57
7.722,12.343,28.81,5.07,1295.32
6.223,24.144,30.37,4.621,1550.06
7.391,1.594,26.38,6.306,1442.79
7.205,0.755,26.18,7.122,1165.57
8.167,17.333,32.34,3.479,2091.43
12.566,50.377,26.31,0.336,4660.01
7.21,20.027,23.04,3.573,1182.17
10.944,35.645,19.04,2.233,4036.81
4.198,45.402,32.78,0.045,8539.42
7.327,2.891,21.72,8.099,1010.24
7.567,9.885,34.84,2.108,1000
7.598,15.414,29.29,4.135,1893.45
10.652,36.906,29.36,3,3748.49
7.57,7.894,35.45,3.657,2858.74
4.142,29.804,29.36,1.783,5501.56
7.115,0.5,26.68,6.78,1044.56
12.285,28.089,29.75,1.277,4127.63
7.636,18.552,23.21,3.898,1013.43
8.344,15.046,26.99,2.967,2190.68
2.567,58.173,37.52,1.449,7397.17
7.414,3,37.08,5.767,1715.47
8.555,3.814,28.84,4.18,1938.12
12.572,72.813,29.4,1.672,5556.81
3.454,20,32.13,0.33,4457.42
7.099,1.101,30.48,5,756.15
8.579,6.442,29.28,3.527,1279.76
8.137,2.909,20.93,5.859,478.44
7.14,6,28.71,3.065,2182.31
3.241,59.041,34.37,2.152,5983.33
2.607,72.547,31.44,2.912,3031.27
8.468,25.791,22.25,3.316,2328.48
6.61,0.5,25.51,6.486,862.36
6,6.492,29.25,3.414,2722.4
7.604,2.901,26.77,6.827,269.99
12.848,40.972,31.6,1.056,3000
8.954,6,24.3,4.221,2174.18
7.54,8.249,29.9,3.723,2001.55
12.355,70.904,23.82,0,6994.3
4.141,57.738,31.62,3,4251.2
7.569,3,32.94,2.346,1754.83
7.5,5.751,31.51,5.57,444.2
6.908,4.268,22.4,5.714,1075.06
7.454,1.965,23.05,7.465,1329.41
2.609,66.243,25.02,1.696,4731.94
7.412,6.155,21.49,7.64,763.16
8.017,4.032,34.67,4.517,2880.48
8.331,13.691,32.54,2.693,2145.17
12.548,50.866,24.08,2.028,6604.17
7.615,31.136,28.23,3.72,2071.13
7.319,11.999,41.24,3.552,2285.42
13.42,36.469,31.03,0.791,4537.68
7.058,1.492,25.06,5,1259.17
8.046,0.5,20.74,5.526,572.42
7.327,2.655,26.64,5.67,1288.76
7.869,10.331,45,5.482,1897.9
11.095,50.434,29.2,1.152,5807.76
7.425,7.177,27.42,7.184,646.1
12.079,20,27.68,1.091,3700.33
7.469,16.827,22.52,1.5,865.24
3.262,61.603,22.92,1.719,4325.52
7.402,1.023,20.46,7.624,664.87
8.378,10.735,31.23,2.426,1331.54
6.941,3.396,25.07,7.693,942.38
6.709,4.087,24.7,5.784,970.21
6.928,17.57,30.8,3.805,732.84
7.891,9.453,25.59,1.5,1795.01
7.968,23.315,32.23,3.685,1259.06
7.044,6.971,36.98,4.307,1312.08
7.308,8.254,25.77,5.08,2596.69
8.008,5.06,28.97,4.473,1235.29
8.008,9.652,34.91,2.936,2782.26
8.301,18.752,21.29,4.28,2522.87
7,3.948,34.44,2,1848.97
7.889,11.968,24.89,2.949,1304.69
6.657,6.542,31.04,5,645.71
6.949,6.237,32.05,3.561,3092.49
12.474,43.961,29.88,1.44,7092.65
8.002,4.305,23.9,6.918,1123.5
7.766,9.977,38.29,4.901,1000
7.352,2.242,20.01,6.486,975.44
3.806,56.511,33.02,1.511,5547.75
7.023,5.147,26.41,7.487,645.47
7.06,3.076,25.98,7.179,772.73
7.088,3.798,23.84,7.145,659.99
7.694,24.399,20.16,4.16,1800.19
6,22.991,28.31,3.478,766.91
7.327,3.987,23.54,6.501,1038.96
10.602,37.212,24.75,2.038,4479.88
11.054,35.497,36.17,1.768,3922.27
12.929,49.541,24.48,1.94,5938.9
3.331,20,31.18,2.27,5049.3
7.782,10.079,27.06,4.03,1712.63
7.214,10.215,27.8,4.53,1133.33
7.971,26.965,27.24,5.987,2021.21
8.278,3,29.51,5.58,1657.59
2.153,53.337,26.19,0.004,5186.56
11.939,48.804,28.52,1.336,5161.29
7.352,5.764,30.56,6.277,841.06
13.921,53.137,38.11,2.677,3779.28
7.15,21.511,28.37,4.645,914.2
2.228,20,25.27,3,5809.93
8.345,8.552,31.65,4.923,1257.21
12.457,20,25.36,0.638,5570.78
2.933,39.099,30.21,1.163,5367.35
7.265,19.101,29.5,4.23,1646.53
6.194,14.194,25.88,3.425,500
12.762,20,21.42,1.076,3000
7.661,27.135,27.99,2.919,2768.65
6.993,5.799,28.24,6.372,627.1
7.029,4.14,25.18,6.187,817.8
13.288,48.699,33.97,2.034,5630.46
8.203,6,30.79,2.772,1627.07
8.594,6.992,35.3,4.492,1459.87
3.538,52.953,21.3,0.743,3164.38
8.008,5.399,35.36,3.332,1072.97
8.411,9.251,35.59,3.613,2625.7
11.344,23.36,28.33,1.058,3451.2
7.55,5.888,22.8,5.207,1185.44
3.516,34.331,40,1.098,5580.72
7.339,0.86,27.38,5.838,816.34
8.044,11.019,28.31,2.964,500
7.397,3.147,26.62,6.924,1064.66
7.875,4.019,29.02,2.663,2079.82
6.974,2.921,28.22,6.5,1074.61
6.929,6.693,21.58,5.926,1088.86
8.417,20.135,23.18,2.905,2191.64
8.625,3.476,35.76,5.711,1750.18
7.513,7.95,34.46,4.439,3063.42
7.478,5.088,25.26,7.092,560.82
8.06,3,34.12,5.196,1735.21
7.924,7.347,30.76,2.702,2197.33
7.625,2.808,25.1,5.56,590.24
7.248,6.693,23.41,6.69,321.7
8.775,9.564,31.48,3.747,2022.71
8.329,11.629,22.7,3.323,1206.04
12.057,49.3,23.44,1.2,3770.43
7.458,0.5,20.26,6.326,539.36
6.808,5.299,22.74,7.329,1019.38
7.324,4.965,25.36,7.016,839.55
6.635,1.624,24.75,5.2,702.52
7.111,1.938,22.64,7.318,1488.78
7.885,12.797,32.09,4.583,1618.52
8.552,18.369,25.28,2.732,887.72
7.722,19.825,18.29,5.479,1969.28
3.311,80.745,26.7,0.252,7019.16
6.814,2.518,24.89,8.304,1411.23
4.03,72.957,29.94,2.424,6485.85
7.626,11.057,29.73,4.053,2559.23
3.431,53.142,26.88,0,4838.02
7.414,24.565,25.62,3.614,1818.28
8.552,18.223,27.5,3.404,811.8
8.348,7.265,32.99,3.49,1609.2
8.115,3,42.01,4.139,1911.75
6.802,3.165,21.11,7.923,859.65
7.625,26.631,26.33,2.118,1286.39
7.212,3.448,23.05,5.716,1389.56
7.192,18.205,35.77,3.509,1641.51
7.525,2.872,19.51,6.087,1466.31
11.118,50.29,27.25,1.476,6177.69
6.701,20.128,33.47,3.236,1650.36
7,10.455,40.33,2.767,1828.46
7.909,3.111,26.12,5,716.33
11.263,35.015,26.89,1.49,3348.01
7.603,4.455,25.57,6.992,728.9
3.309,43.097,20.13,1.162,3882.53
7.206,0.5,21.37,7.465,652.38
6.771,26.34,27.66,3.524,1532.47
7.255,9.704,31.08,3.294,1729.85
7.219,3.208,22.61,6.271,799.12
7.014,5.378,22.34,7.625,677.26
7.338,13.429,32.41,3.985,1599.12
7.512,4.128,24.52,6.841,724.04
7.502,3.669,23.31,5.506,913.05
7.99,17.357,36.09,5.257,2057.95
12.8,60.97,16.52,1.024,9931.64
7.813,5.903,41.83,4.034,1766.16
12.484,37.348,22.72,1.078,5413.09
10.731,88.436,17.6,2.579,4942.8
12.799,40.663,31.03,1.231,4574.47
8.499,11.76,30.97,2.574,2928.5
3.578,49.945,25.88,1.156,4355.01
7.839,16.11,22.48,3.013,1609.6
6.55,12.703,34.82,3.091,1302.16
3.324,73.275,25.77,2.398,3029.71
7.38,2.213,30.65,8.161,823.15
7.297,7.304,32.99,4.022,1781.71
12.04,50.627,27.44,1.775,7335.74
8.959,33.883,22.8,4.047,1496.06
8.534,36.096,30.75,2.069,1996.56
13.79,40.442,34.8,1.222,5854.82
7.822,1.872,27.21,7.089,1449.77
3.324,61.937,22.99,0.372,5393.02
3.205,24.467,21.91,2.385,5000.84
11.172,37.049,20.36,1.174,5762.8
7.507,12.007,36.59,2.078,1906.38
3.524,20,26.17,2.54,4844.62
7.412,1.893,27.38,6.455,809.74
7.558,5.76,29.85,5,927.53
11.641,56.174,26.12,2.26,3000
7.715,7.29,25.48,6.291,640.84
7.974,6,31.23,2.631,1201.03
6.738,16.367,31.3,5.201,1668.98
8.053,1.46,24.08,6.22,1047.36
10.828,20,30.4,1.566,7299.52
3.583,49.505,22.24,1.811,4818.39
8.418,26.147,28.32,3.499,1712.41
6.869,1.725,26.26,5.63,1302.44
7.442,8.644,32.27,2.496,1661.75
8.404,3.879,33.56,5.81,1950.22
6.94,35.255,34.03,3.891,1389.59
11.732,65.371,29.7,1.435,5603.3
7.271,5.319,21.8,6.108,601.26
3.777,36.297,19.84,2.122,3371.06
8.381,7.69,31.41,2.408,1250.93
7.082,4.392,28.64,6.205,1176.54
7.394,4.556,30.94,4.241,3151.82
6.723,37.012,23.81,2.472,1733.06
7.404,6.625,23.9,5.261,573.11
6.956,7.582,24.07,8.038,797.24
8.301,3,31.18,4.988,1253.26
11.823,37.48,31.39,0.707,5889.58
3.445,33.51,21.79,1.11,4115.63
7.099,3.422,23.99,6.445,712.3
3.793,33.449,30.73,0.598,5434.01
8.676,22.283,25.87,4.864,938.77
7.426,16.487,26.56,3.742,1713.17
6.588,26.997,31.27,4.525,2881.19
11.222,81.961,21.1,1.035,5085.06
6.997,6.828,27.4,6.909,403.53
7.518,10.669,28.81,3.478,662.71
7.662,28.444,22.44,2.486,2283.91
8.091,3.463,33.06,4.467,1646.16
11.631,75.493,33.73,0.884,5022.69
7.478,24.914,30.58,3.11,1650.84
8.413,15.645,28.73,4.846,1642.02
10.874,60.064,30.94,1.725,3000
7.256,4.755,27.65,5.546,569.31
7.738,5.245,35.94,3.979,1719.84
7.767,16.723,29.9,3.968,2015.74
12.249,36.295,31.38,1.769,5080.08
8.774,6.396,32.21,4.59,2552.47
8.457,3,32.07,2.143,1000
10.721,45.131,31.1,1.753,6824.01
4.356,23.026,35.47,2.345,6289.12
7.172,23.376,22.94,4.965,1793.08
7.93,6,24.5,3.528,500
7.945,3,35.77,3.854,1947.79
7.576,3.054,24.46,7.186,1022.58
7.202,24.105,32.62,3.037,500
7.824,14.349,34.14,5.46,1149.04
7.18,1.591,24.57,5.594,1199.06
7.45,2.462,26.18,7.673,1082.06
7.847,4.833,26.85,7.193,1496.18
6.578,1.017,21.04,5.778,783.44
7.962,11.148,41.9,2.788,1795.31
7.673,4.443,22.3,5.27,1060.39
8.036,6.188,29.17,3.238,2127.97
7.599,3.754,22.37,6.685,1004.94
8.578,6.838,35.35,2.736,1626.16
13.927,76.158,24.8,0,5692
7.937,0.5,28.93,6.84,858.18
7.607,2.684,26.26,5.266,1273.4
3.96,63.219,23.12,2.017,4853.98
8.362,8.757,33.57,2.979,1184.78
7.4,11.872,33.26,2.986,2701.83
6.97,5.658,25.53,7.105,1471.24
10.96,28.399,26.66,1.576,4629.38
7.723,2.315,24.13,5.427,730.57
6.539,18.295,25.11,3.289,787.65
8.054,1.043,23.36,5.12,718.58
7.215,2.108,22.82,5.851,738.26
7.164,9.03,33.37,2.91,1727.46
7.035,6.592,20.42,5.498,1366.25
7.561,4.969,22.45,6.047,480.21
7.394,3,36.56,2.91,1830.75
8.62,6,27.11,2.207,935.9
13.775,25.543,26.81,2.516,4813.18
8.188,9.139,26.28,3.544,1000
8.578,8.701,36.71,3.348,1632.67
8.649,30.437,19.74,4.683,591.96
12.672,53.101,29.84,0.608,3000
7.615,26.325,24.54,4.868,2970.28
7.393,3.256,21.97,6.142,570.81
7.528,6.189,25.58,6.707,1246.17
7.318,3.943,30.18,7.138,1068.86
7.681,10.337,25.02,4.462,1949.62
7.148,22.474,36.48,3.294,709.91
7.269,15.543,31.57,5.458,1479.92
3.506,29.671,29.54,0.37,4193.08
6.816,4.964,27.28,7.311,605.31
6,6,30.32,4.348,2475.6
7.842,4.928,27.76,5.161,1221.18
2.492,20,35.8,0.61,4936.5
12.688,95.607,17.99,2.05,4628.13
3.965,74.874,27.16,1.5,3560.97
8.365,16.055,30.41,5.418,1239.11
7.189,14.291,29.93,2.167,998.68
7.108,4.426,24.92,5,595.83
7.074,21.458,23.86,1.94,1632.84
7.019,3.301,26.31,6.349,887.15
7.823,7.98,32.33,5.328,2860.3
11.56,85.169,19.48,0.971,4596.98
6.853,26.386,24.28,3.313,1719.88
7.345,3.093,25.42,5.884,1162.36
12.152,36.391,34.71,2.244,5845.51
11.941,38.658,40,0.929,3187.54
6.969,2.993,24.24,5.289,958.23
13.144,50.386,28.06,1.299,3887.24
2.975,37.005,28.66,2.245,6019.06
4.251,46.378,25.69,0.43,4185.2
12.179,32.778,27.06,2.553,3000
7.365,3,35.14,2.453,2853.4
8.007,3,45,3.905,2543.51
7.076,10.976,32.44,3.886,1662.76
7.76,16.172,34.6,4.371,1976.24
6.532,3.945,24.95,7.013,1095.46
7.254,6.008,24.98,5.879,834.9
8.176,1.154,24.37,5.825,641.67
6.749,2.436,26.7,6.05,974.79
3.699,49.404,23.67,1.418,4414.41
7.029,6.505,24.48,6.214,1461.29
6.981,4.518,22.74,7.547,285.02
7.445,4.232,23.17,6.157,1157.54
8.125,9.774,28.92,4.516,1314.39
6.039,27.7,31.19,4.345,2161.96
6.755,20.5,35.86,4.817,726.01
6.386,6.797,25.68,4.657,1841.33
2.533,39.969,31.27,0.595,5270.51
7.493,5.512,23.25,6.763,1119.56
7.171,8.12,29.68,5.731,1182.39
7.336,6.664,45,4.337,1469.26
8.32,11.149,36.25,4.036,2026.15
6.875,3.37,31.47,5.683,959.19
7.212,4.212,29.59,7.874,1011.63
11.383,50.605,30.7,1.452,3794.42
6.861,35.004,27.52,1.784,2871.17
8.327,5.957,32.34,4.659,3376.6
6.848,5.769,25.34,7.051,947.09
8.12,13.825,35.95,4.209,1000
12.368,70.374,24.02,2.054,6756.68
7.702,12.919,36.69,4.993,2490.43
7.128,6,27.95,3.034,613.16
7.465,3.859,27.78,5.805,489.86
8.006,1.538,28.07,6.237,1015.9
2.383,20,30.01,2.518,3300.44
7.447,3.954,22,7.279,925.56
11.186,57.715,34.97,0.43,3000
8.025,14.353,36.2,3.568,1129.22
3.468,51.931,21.46,1.034,7211.72
11.375,47.478,31.6,0.984,4620.37
7.404,0.5,27.8,7.156,963.38
9.01,20.793,31.84,4.395,2167.3
7.304,7.159,32.9,2.544,2038.42
8.125,7.721,42.75,2,1381.68
6.359,13.162,32.54,4.694,848.78
6,11.439,25.77,4.883,2115.82
8.228,37.031,29.71,3.371,980.4
7.163,3.695,26.62,7.448,709.39
7.901,2.259,21.46,7.388,1162.81
6.5,2.63,25.19,6.449,1500
7.608,3.245,29.23,6.433,1065.91
11.78,20,28.09,2.981,5633.94
7.368,20.703,27.59,2.545,630.02
7.359,13.352,32.09,3.954,1843.8
8.4,10.082,33.26,4.738,2573.7
3.583,42.96,29.16,1.642,4829.26
7.23,7.142,25.34,3.599,2524.39
8.35,8.968,30.79,3.276,2407.65
9.057,12.634,32.43,2.942,3018.84
7.981,4.294,29.81,4.393,2471.66
7.645,15.858,27,3.164,1573.97
8.487,6.423,28.17,4.385,1820.8
7.68,1.622,31.19,5.429,784.49
7.554,3.406,27.8,5.956,740.71
8.07,34.363,24.15,3.593,661.61
6.728,5.133,26.89,6.673,1036.42
3.588,63.779,24.4,1.503,3886.01
8.32,36.497,32.1,4.947,674.31
6.833,1.75,22.2,7.689,924.6
6.748,5.298,25.6,6.73,831.14
7.873,9.512,31.52,3.384,2926.84
7.462,2.934,26.78,6.522,838.66
8.339,20.838,29.36,4.143,1589.36
10.555,72.116,16.14,0.557,4032.66
6.542,19.985,33.26,4.894,1940.65
7.143,2.886,27.85,7.634,1154.53
6.698,14.722,30.54,5.693,1430.96
6.877,3.396,27.87,5.306,624.39
7.116,21.434,32.3,2.566,1043.72
7.012,6,30.86,3.287,1894.27
7.094,0.5,26.54,8.174,843.93
2.237,64.903,31.29,2.308,5268
10.613,85.088,19.89,0.819,5187
8.602,9.557,34.92,2.525,1548.63
8.095,6,25.91,4.594,500
7.226,11.587,31.57,3.517,1465.02
7.499,1.978,25.99,7.896,1071.18
7.257,2.301,27.02,6.428,1179.66
7.568,5.211,34.54,3.497,3404.5
7.663,6.812,30.1,2,1644.2
7.32,22.605,31.74,4.164,2089.68
7.891,6.51,24.36,9,884.06
3.321,39.304,38.81,2.531,4579.83
6.6,20.622,26.57,4.092,1082.27
8.142,9.524,28.44,4.316,1000
7.98,21.393,28.61,2.447,812.52
6.655,9.284,31.09,2.707,834.9
8.078,5.58,33.86,4.484,1669.79
3.873,25.103,21.82,1.859,6341.69
7.985,20,34.7,2.197,2272.75
12.68,24.505,29,0.6,5877.43
6.694,11.587,24.31,3.445,1359.6
8.28,26.942,18.66,3.101,2163.9
6.909,2.7,24.47,5.003,200
7.011,11.666,25,3.384,1473.8
7.12,0.954,26.02,6.963,444.85
6.996,1.93,24,6.699,200
7.72,10.331,26.11,4.628,500
6.92,12.257,25.23,3.581,610.47
7.235,1.443,23.27,6.907,712.7
11.655,31.304,22.12,2.695,5045.21
6.871,26.241,35.05,3.83,819.79
7.46,6.314,34.48,3.636,2495.77
7.26,17.902,28.94,1.5,1920.16
7,4.632,25,5.302,1829.66
7.161,11.829,35.21,3.169,1313.33
6.857,2.25,29.17,6.968,622.37
3.339,44.968,26.19,0,5114.78
8.033,5.229,32.74,4.178,2590.29
9.318,12.242,26.76,4.265,500
7.305,1.968,31.17,5.633,1004.9
2.805,20.409,28.62,2.619,7746.12
6.655,1.725,25.04,5,1344.5
7.613,4.416,25.55,6.56,664.57
8.28,6.959,36.83,3.965,2312.21
7.684,1.858,23,6.311,724.62
11.965,47.704,28.73,0.942,6457.02
8.683,18.683,25.74,2.807,2071.54
7.47,7.056,29.05,3.086,2288
6.526,21.023,30.82,2.041,1705.85
7.727,12.385,33.86,3.796,2863.9
4.39,53.411,36.15,1.598,6416.32
2.854,38.178,26.2,1.613,5372.46
9.037,35.479,27.84,2.708,1949.62
7.447,26.568,31.52,1.5,2202.55
7.517,0.976,24.83,6.474,503.26
6.876,4.993,25.54,6.494,410.86
11.768,20,34.52,1.292,7177.89
8.18,16.58,34.2,4.981,1571.31
7.106,8.054,23.64,6.938,764.5
7,9.252,29.86,2.192,2253.35
12.403,32.485,21.53,1.163,6013.5
7.069,6.472,21.8,7.18,1014.9
6.725,23.646,25.92,2.633,2022.95
6.746,6.43,31.32,4.652,2631.65
11.491,79.681,26.7,2.182,6388.86
7.169,6.699,33.16,4.973,1007.58
7.843,6.221,34.73,3.848,1396.18
7.998,3,40.48,2,1151.04
7.402,17.141,30.23,3.339,2338.42
8.086,3.86,28.32,7.075,652.65
11.571,20,18.95,1.051,6243.65
7.652,20.958,30.32,4.684,1398.98
7.568,10.722,39.21,3.837,1255.92
7.391,6.4,37.87,4.623,1649.87
7.96,14.215,25,3.56,2045.77
8.064,3.605,27.03,6.14,641.88
14,56.424,21.5,1.42,6914.4
7.595,7.393,27.92,4.79,2076.01
7.595,3.213,26.17,5.957,687.13
7.473,9.968,32.62,6,1000
7.223,9.461,37.36,3.073,2959.74
7.069,5.045,29.02,7.518,838.02
7.462,3.816,38.74,4.175,1894.62
3.013,67.1,20.9,0.736,8256.79
8.566,11.24,40.79,5.527,2570.91
7.032,14.155,21.35,4.045,1515.83
7.244,18.286,20.44,3.316,1305.63
7.183,29.708,30.4,3.051,2518.16
2.829,66.051,23.11,1.074,7595.78
8.392,3,29.9,3.858,2091.02
7.796,5.986,33.43,2.586,1000
7.88,4.282,27.76,5.17,273.89
8.19,5.37,31.26,6,2444.93
2.738,40.062,33.49,0.597,7205.99
6.559,6,20.63,3.617,1239.3
7.185,1.066,29.87,5,830.84
7.814,5.513,34.21,2.755,2111.7
7.976,3,37.81,3.36,2494.57
7.499,8.793,32.47,4.017,1895.64
3.325,43.216,34.72,2.793,6510.68
8.674,3,28.44,5.167,1797.31
7.651,7.088,27.18,4.617,2233.78
7.19,2.839,26.54,7.597,326.32
8.27,5.495,29.12,5.817,1607.59
7.501,16.176,24,3.708,762.81
8.786,17.044,29.99,1.5,2223.66
7.317,29.284,25.8,2.643,2111.21
2.347,58.07,22.85,1.303,5783.03
3.14,44.002,16.01,1.858,5321.7
7.121,34.334,30.6,2.208,1343.64
8.482,6.318,30.99,2.979,2729.05
4.077,30.537,32.91,1.748,3405.11
3.399,66.36,18.61,1.078,5245.89
3.562,38.05,29.55,0,5952.87
6,25.108,28.27,4.36,1185.74
2.499,20,21.43,0.73,3000
2.995,23.739,28.28,2.07,5991.73
2.927,42.607,28.25,1.719,7049.32
8.432,22.773,28.3,3.065,1553.47
2.75,36.918,21.72,1.446,3000
12.821,61.403,35.27,2.764,7295.28
3.475,84.842,20.29,2.799,3877.86
7.086,24.255,23.42,3.332,1379.78
6.682,23.985,30.28,5.093,2039.3
7.657,3,33.62,4.041,2067.35
7.285,5.598,28.53,3.852,1447.58
6.505,0.5,26.8,5.904,1427.59
8.383,6.58,34.62,4.347,1960.15
8.284,10.034,34.03,3.277,1895.95
12.481,20,24.6,1.181,3222.57
8.892,19.707,31.86,2.367,500
7.931,5.354,31.33,4.865,2044.07
6.72,39.257,27.55,2.926,500.63
7.332,17.353,23.99,1.529,1338.94
7.176,1.951,24.97,6.035,901.01
7.489,1.283,23.18,7.159,993.39
7.615,5.24,29.11,4.061,1783.49
7.357,3.293,37.4,3.862,2775.41
7,6.3,36.4,3.348,2216.39
7.694,16.229,38.72,4.286,2135.34
3.886,20,25.82,2.518,3012.08
4.5,32.459,32.12,2.422,3551.26
4.112,38.538,29.15,1.799,6706.79
7.701,9.674,37.3,4.775,1860.71
7.04,3.658,26.53,6.76,1066.97
6.887,25.352,31.1,3.986,1763.64
6.737,4.681,31.17,7.244,648.82
7.437,3.395,22.14,6.904,742.13
7.602,9.239,29.94,2.961,2427.48
6.604,14.851,26.66,4.229,2351.89
3.142,36.731,25.41,2.259,4104.08
7.429,8.302,32.66,4.029,1483.88
7.64,14.032,32.13,4.861,1465.66
8.462,14.488,28.68,4.682,1487.98
7.2,4.996,28.26,7.56,931.73
10.709,40.986,23.05,2.136,3000
8.15,19.521,22.95,5.226,1848.96
8.505,11.251,27.85,3.114,2930.13
6.798,13.447,29.83,4.181,2567
6,6,24.81,3.512,1213.65
7.502,8.686,35.16,3.177,1646.32
7.269,4.363,23.9,6.491,978.13
3.723,65.648,28.36,2.591,4300.66
8.191,4.741,31.34,2.865,1301.86
6.769,1.913,21.69,7.001,526.28
3.161,61.167,32.94,1.478,5474.41
8.396,24.026,24.43,3.463,1144.8
8.266,6.898,35.59,2.417,2055.48
7.339,5.207,25.48,6.59,1271.23
7.629,3.415,25.17,6.091,1154.45
7.622,6.415,41.06,3.51,2553.87
7.182,6.892,32.86,5.901,1902.38
6.778,3.693,25.38,5.4,997.22
6.923,21.29,27.84,2.718,1316.85
6.744,6,31.06,2.062,1752.14
7.948,17.566,35.73,4.733,1012.37
7.738,6.195,38.96,4.221,1480.42
13.616,38.1,28.06,0.351,5280.51
8.048,5.981,38.4,3.661,2075.13
3.96,68.823,18.72,1.655,3682.82
6.991,4.35,30.01,6.8,1087.65
2.959,43.678,24.62,1.644,3228.2
7.408,4.928,29.92,5.742,871.91
11.637,20,26.93,2.246,3000
6.747,6.267,28,7.617,853.42
6.607,25.671,30.11,2.237,1751.07
10.924,38.964,35.34,0.662,5277.15
2.559,20,23.03,0.737,5842.36
3.06,20,17.44,1.646,5014.14
11.554,42.58,21.78,1.384,4959.18
7.465,4.418,22.52,6.048,1500
8.763,12.617,25.16,3.055,1339.2
8.717,8.016,37.88,3.553,3355.72
7.06,0.787,25.58,6.87,1500
3.729,24.486,23.93,1.272,6925.03
8.303,5.898,32.64,3.412,2517.17
7.573,25.466,25.41,2.345,895.53
7.772,5.778,32.41,2.96,1370.46
8.15,5.303,33.31,3.642,1964.49
2.996,78.544,39.38,2.567,3472.62
6.999,0.838,26.52,5.678,1087.69
8.599,12.795,24.82,3.384,1326.68
12.407,24.604,20.84,1.847,6276.47
8.131,5.302,37.45,3.915,2911.96
3.571,69.436,24.42,0.929,3710.81
2.537,42.378,26.01,1.078,5437.49
3.45,55.8,30.51,0.915,7497.88
8.534,7.798,31.95,2.166,1863.26
7.892,7.807,24.49,5.964,1080.64
7.911,9.024,41.65,5.415,1533.04
8.045,4.139,29.6,4.045,1559.58
7.889,4.738,27.24,4.896,1349.68
6.96,1.563,25.33,6.982,1265.69
7.398,5.092,32.7,5.02,1119.25
7.013,10,30.85,4.835,1844.86
11.597,53.934,28.83,2.321,4193.96
8.158,4.266,25.67,7.103,1496.12
7.377,4.331,42.14,2.914,2201.19
7.355,19.605,32.86,1.916,2762.55
7.732,9.222,36.91,2.126,1000
7.38,7.372,33.24,3.329,2726.56
7.524,20.56,27.16,2.028,963.66
7.828,5.871,44.17,5.034,2005.23
7.972,23.461,28.15,4.254,597.34
8.226,7.591,28.9,3.767,2704.24
7.33,3,43.28,4.211,1886.52
7.171,12.898,36.02,4.654,1618.36
10.378,46.446,27.53,1.91,3000
7.403,0.5,20.56,7.362,1169.12
8.279,9.108,34.84,2.898,1756.64
6.552,3.64,24.37,7.19,967.58
7,4.463,27.46,3.675,2046.85
7,16.708,32.34,4.652,1174.11
13.507,47.297,30.74,0.764,4549.15
3.288,72.935,27.94,1.435,4809.26
2.334,66.491,22.66,1.117,4002.95
7.706,9.933,32.47,4.396,3072.83
8.614,10.601,33.98,3.85,1700.75
7.862,9.444,31.3,4.878,1954.78
6.056,6.152,35.34,3.985,1953.94
7.778,11.225,25,2.021,1974.08
7.374,1.746,25.41,7.135,704.37
7.295,17.917,31.92,4.806,1758.89
7.398,9.226,32.49,2.717,1000
8.011,8.003,32.21,5.023,1045.53
9.084,21.692,32.99,5.856,2207.66
7.199,5.217,24.75,5.032,975.95
7.629,1.955,19.07,5,566.41
7.112,4.046,26.28,6.848,1500
6.589,44.126,27.28,4.75,2658.55
8.858,7.848,25.79,4.207,1334.22
6.615,1.853,24.44,6.013,274.77
3.443,78.284,18.8,1.865,5292.45
9.5,22.546,38,4.405,2017.74
6.062,17.187,23.42,2.225,1687.89
7.096,0.625,21.92,7.573,1283.84
3.829,85.271,32.64,2.26,4300.07
11.713,57.139,27.63,0.832,5594.48
7.613,12.818,35.28,3.4,1511.57
3.298,24.894,22.91,0.277,4310.59
7.384,1.906,19.49,8.731,1192.74
7.874,30.309,27.08,4.872,1604.6
8.204,8.929,18,4.295,2047.48
8.688,6.605,41.44,3.63,1630.6
13.147,21.041,33.67,2.647,4495.18
7.741,9.043,32.49,4.447,1000
7.488,9.889,29.56,4.515,1668.48
7.388,3,34.08,3.655,2074.16
7.759,9.956,30.79,3.496,1847.05
6.686,0.5,18.63,6.248,680.71
4.5,54.599,38.05,0.968,9072.22
10,20,35.88,0.712,5438.4
8.098,11.851,39.14,4.778,2255.52
7.344,2.593,28.1,5.81,841.72
7.223,5.029,28.59,6.932,1079.64
7.346,5.157,23.49,6.585,1100.6
11.977,52.625,29.05,2.44,3538.32
8.449,22.928,28.49,3.549,1812.7
7.505,2.925,25.51,7.056,880.94
7.538,21.847,27.84,4.793,1385.46
8.002,13.235,33.32,2.881,1907.16
11.152,20.009,25.37,0.285,4882.5
7.114,4.646,25.23,5.69,1064.18
8.153,7.327,23.6,7.058,753.84
8.166,12.483,41.96,3.285,2818.98
7.75,5.107,32.58,3.906,1803.26
2.547,20,33.61,1.431,4889.02
7.435,16.968,28.79,3.429,1421.19
7.574,19.46,28.12,2.248,2045.17
6.247,28.002,26,4.389,500
13.389,40.854,17.77,0.168,5639.24
7.234,24.492,30.08,3.923,2338.93
12.365,64.075,27.1,2.203,3794.96
7.227,8.013,36.52,4.717,1727.8
7.775,3.9,39.17,4.431,1966.96
6.885,5.374,27.93,5.952,977.33
11.814,21.563,25.13,0.864,5339.81
7.241,4.285,27.08,5.25,810.05
7.602,2.405,22.47,5,1211.51
3.144,51.679,15.57,1.462,4142.11
8.136,8.671,35.34,5.787,1131.44
7.626,27.981,34.99,4.062,1297.22
13.07,65.308,24.12,1.642,5270.7
12.122,52.249,24.88,2.539,4913.75
7.001,12.308,33.78,4.527,1616.87
7.293,3.851,25.37,7.291,684.62
7.508,20.705,26.29,3.729,1334.13
2.903,35.401,19.45,2.699,6144.71
11.11,53.247,37.6,1.345,4314.95
7.335,2.439,30.7,7.014,488.5
7.924,12.56,32.22,3.745,2589.83
6.544,14.654,24.2,3.697,2205.05
7.603,12.364,33.5,3.218,1481.63
12.992,20,21.38,2.296,4279.75
8.937,9.594,37.84,2.255,1770.76
8.422,4.062,32.38,2.619,2536.65
8.167,7.72,29.7,1.5,500
8.716,5.702,35.66,2.567,1436.97
11.684,49.151,20.22,2.745,4579.58
7.393,2.851,27.16,6.71,1209.17
7.435,3.081,27.12,7.987,1260.16
2.526,63.747,23.77,0.288,3000
7.602,4.57,39.8,3.855,3249.66
7.136,3,33.84,2.888,1762.16
8.045,8.987,41.8,3.744,3322.96
6.867,4.74,21.8,5,928.01
7.132,1.021,27.68,6.725,781.3
7.996,8.167,35.23,2.378,2657.18
8.003,3.184,34.01,3.005,3088.04
7.204,0.545,25.23,5.576,513.85
7,8.604,36.12,4.355,1618.01
6.888,6,30.96,3.486,1759.96
12.556,78.303,26.32,1.372,3335.59
7.507,10.706,34.87,4.798,2019.7
6.583,16.805,30.48,2.528,1815.45
7.317,12.288,29.89,3.176,1340.28
7.711,20.502,27.44,1.526,2126.56
7.286,0.5,24.92,7.254,679.75
7.942,10.092,37.79,2.3,2995.6
6.079,18.534,21.72,3.067,2096.3
6.378,17.488,31.98,4.019,500
7.653,7.321,45,4.516,1186.88
12.226,39.145,25.8,1.715,6974.52
7.968,7.941,34.49,6,1656
7.601,4.035,22.35,6.851,1336.75
7.35,6.301,33.58,2.996,1284.72
6.917,6,26.2,3.218,1785.04
7.306,29.537,30.18,4.325,1749.78
7.751,30.726,33.42,3.414,1049.1
7,13.028,28.5,5.064,2743.43
6.991,0.997,28.44,8.117,1268.69
7.124,5.339,21.93,6.744,745.07
7.116,0.5,27.76,7.248,486.72
8.263,11.243,27.52,4.753,1000
8.138,9.808,36.57,5.574,1545.13
7.349,7.102,33.8,3.598,2469.49
7.611,4.184,36.65,4.936,1211.6
8.078,10.481,29.19,4.204,1951.17
7.206,5.188,28.68,5.694,574.46
10,62.255,30.6,0.834,4176.14
7.474,4.078,36.98,3.941,1433.48
7.531,9.144,27.13,6,1654.35
7.517,6.902,35.33,3.624,1799.9
12.771,52.215,26.8,1.046,4444.94
7.168,3,38.57,4.233,1435.05
7.632,5.728,25.51,5.809,680.09
7.43,1.444,23,5.581,424.2
8.734,7.782,33.35,3.764,1749.86
7.35,33.765,29.5,2.842,749.9
10.584,71.097,29.4,1.066,3000
7.862,3,34.23,2.913,2378.08
7.817,6.678,36.41,2.548,1984.92
7.636,8.099,40.64,2.758,2140.72
7.423,20.08,28.91,2.633,1936.81
7.631,13.755,33.43,2.318,1000
7.795,6.455,32,5.413,986.2
6.735,2.509,28.71,6.412,644.58
8.893,13.328,39.2,2.061,1406.07
6.812,1.853,21.01,8.233,811.47
7.607,35.789,27.52,4.098,1095.99
6.995,1.306,22.77,6.569,339.08
8.197,8.162,41.9,4.36,1600.63
10.646,24.473,22.14,0.883,4864.64
6.711,22.589,32.67,4.529,1746.3
7.146,0.5,22.74,5.377,951.14
12.52,51.573,31.01,1.293,4036.65
7.732,11.72,21.46,3.115,1746.43
7.166,2.646,31.02,8.913,811.02
7.364,4.076,37.3,6,1718.78
4.151,39.006,26.13,0.935,6455.69
7.417,4.241,27.99,6.008,702.65
12.636,84.649,20.98,2.763,5177.52
7.758,9.075,25,2.899,2747.43
6.246,22.216,21.47,2.459,500
2.989,37.23,28.94,2.322,3740.59
7.159,0.5,22.04,5.997,1107.82
12.64,67.729,35.12,1.973,4635.91
11.476,58.54,28.71,1.073,5435.06
8.785,22.487,25.56,1.5,500
7.073,1.048,28.12,5.708,1109.37
7.833,19.306,22.62,3.121,1784.31
7.582,30.485,30.68,2.5,500
8.074,12.001,35.16,3.673,2558.92
7.121,0.5,26.99,5.917,595
8.092,6.829,37.76,5.881,2385.2
7.914,4.623,32.6,2,2267.07
7.851,9.458,38.51,5.053,1000
6.99,0.5,29.18,8.219,512.06
7.55,2.382,25.92,5.681,1103.74
7.076,1.882,24.39,5,1500
7,10.709,29.84,4.616,1000
8.182,19.652,29.66,3.113,1021.69
6.892,10.351,32.32,3.664,1584.88
8.316,3,33.54,4.122,2396.81
8.451,6,30.64,3.892,500
7.855,11.305,36.81,5.001,1809.44
6.895,6.338,24.67,6.506,925.77
7.814,21.956,27.3,4.261,1164.62
7.531,3.562,24.04,7.67,1247.72
7.189,8.804,30.86,2.828,1794.9
8.255,12.83,32.39,5.141,567.76
8.541,26.999,25.38,2.337,1482.3
3.865,45.424,37.53,1.204,5759.88
7.547,3,28.84,3.405,1754.15
7.426,8.518,41.09,4.911,2915.1
7.736,1.754,26.94,6.876,901.11
7.372,18.748,25.84,2.741,1361.23
13.378,43.636,27.8,2.193,6592.26
8.44,12.958,22.22,3.708,2397.74
8.25,33.96,33.56,5.306,1112.06
12.192,48.512,19.55,1.812,3379.6
8.908,4.525,42.37,4.068,1849.66
7.07,4.465,23.69,5,981.02
7.839,13.475,25.3,4.957,1595.67
9.367,15.264,24.51,4.449,516.14
8.329,6.026,28.36,4.385,2074.34
7.95,15.354,25.64,2.265,1755.77
8.441,5.21,36.14,5.312,1453.68
7.933,9.785,34.9,3.686,1854.2
3.327,28.87,27.87,2.733,6349.34
7.033,25.287,25.84,3.886,1650.08
3.056,44.417,17.34,2.607,5059.35
6.609,6,30.03,2.702,1260.64
3.202,34.372,19.48,1.392,5310.02
8.875,15.851,25.53,2.031,2387.53
12.823,61.537,38.69,2.469,3036.97
6.91,5.162,28.98,9,547.32
11.817,38.968,13.14,1.136,5051.59
8.229,3,38.77,3.026,2861.33
6.66,11.767,33.59,4.132,1924.35
8.036,3.163,31.49,3.424,2362.01
8.256,35.487,35.34,1.5,2726.26
7.194,22.56,26.9,1.62,1933.37
7.758,14.313,24.18,3.223,2122.3
7.302,4.487,20.9,6.695,1260.02
7.579,11.522,29.74,2.623,2539.01
7.713,2.967,24.99,7.215,854.75
6.979,1.92,27.28,5.727,543.1
2.495,67.871,20.45,2.733,6669.2
3.117,35.745,27.75,2.404,3000
10.076,50.5,27.54,1.069,3978.84
7.116,1.614,21.57,7.243,883.02
7.978,4.684,36.48,3.269,1070.94
12.881,69.647,21.42,0.195,3844.07
7.264,13.299,27.9,2.245,2660.42
6.94,28.913,19.32,3.543,2644.06
7.319,4.227,23.94,7.166,998.85
7.285,6.554,31.81,3.724,1483.13
6,26.098,27.38,4.366,2112.85
10.877,68.811,24.31,2.763,5787.75
7.966,22.969,30.68,2.973,956.11
6.667,21.812,26.09,1.5,1380.15
6.906,2.144,26.9,6.113,1040
4.219,58.42,38.06,0.643,5649.46
6.875,30.813,25.7,3.732,2115.51
8.07,3,32.52,4.624,1543.95
6.891,10.509,31.83,2.193,1628.11
7.838,3.468,27.34,7.29,792.59
8.04,19.28,34.95,4.128,1527.89
13.906,48.643,31.79,2.051,4004.25
6.5,2.281,22.85,8.049,1168.61
12.522,43.115,27.32,1.661,5167.97
3.348,65.664,37.68,1.45,3083.94
9.115,21.49,26.61,3.582,2091.53
7.506,27.751,21.69,3.377,2074.68
10,74.938,31.55,0.824,3997.46
7.899,11.475,33.45,2.465,2343.73
6.775,21.287,31.35,2.188,2909.59
7.007,12.199,22.73,4.734,2488.15
7.975,3.991,27.85,7.613,560.94
11.598,50.678,22.21,0.663,6702.15
10.814,37.386,25.99,2.864,3000
6.805,1.875,20.96,6.777,788.85
4.431,52.385,35.16,0,6945.95
7.814,19.94,23.53,2.574,876.85
3.459,22.582,24.08,0.709,7343.53
8.31,6,29.05,3.755,708.57
7.751,6.309,41.2,2.759,2147.6
11.813,85.803,28.3,0.791,7794.3
7.489,2.121,24.25,6.363,1040.78
8.131,11.217,28.01,4.411,1575.14
6.589,8.159,25.87,5.733,1035.18
7.656,34.664,29.35,2.488,1072.72
7.154,21.742,25.01,4.723,2393.27
7.361,7.598,26.76,6.589,506.33
7.64,2.107,23.63,6.266,621.99
7.492,15.432,33.87,2.775,1918.4
6.662,3.873,26.74,5.414,886.35
7.861,1.489,20.88,5.618,925.15
7.733,1.954,25.72,7.704,1500
7.848,11.327,31.69,5.546,1602.7
7.283,12.958,27.5,3.611,1001.57
2.525,31.971,33.68,1.683,6366.36
12.417,88.127,27.89,1.497,5641.06
11.081,61.185,34.33,0.503,5856.65
11.391,60.663,28.7,1.544,4233.11
7.607,10.089,32.02,3.98,2012.25
7.7,13.767,26.37,3.648,1527.56
12.098,69.857,25.1,1.355,3000
13.792,47.062,31.13,1.195,5184.09
8.422,6.251,33.9,3.72,1709.33
13.425,62.376,30.6,0.318,4329.53
7.25,29.798,29.27,2.037,500
8.616,3,31.5,3.547,1876.04
7.245,1.021,27.5,5.938,1190.46
8.081,25.37,29.81,4.998,2330.35
7.816,3.448,25,4.195,2619.19
11.587,76.523,32.04,0,4590.27
2.929,56.419,28.86,2.268,5649.28
6.309,17.846,36.66,4.199,1956.28
2.929,54.651,25.32,0.017,5454.46
11.054,44.637,32.86,0,7407.4
8.814,6.605,40.98,4.136,1890.86
7.45,15.559,29.04,3.325,1754.62
12.864,73.673,21.17,1.537,4226.8
7.603,14.359,26.62,4.89,1698.2
7.14,9.017,32.32,5.16,2542.35
8.207,9.214,35.85,4.108,2906.67
4.041,21.869,21.6,0.979,3460.64
7.176,4.3,26.55,8.524,1010.62
8.073,9.78,36.48,4.95,1000
3.351,36.32,27.18,3,6777.74
3.288,42.407,16.53,3,3000
8.269,11.579,26.64,4.669,2057.52
3.132,59.585,19.24,1.931,4107.99
12.751,37.408,24.8,1.191,3081.9
7.714,4.439,30.63,4.657,2361.74
2.644,41.457,33.6,2.473,4738.33
2.925,20,31.63,1.557,3722.57
3.616,22.865,30.28,0.953,6639.44
7.137,14.841,18.8,5.265,1931.24
3.323,38.806,30.35,3,5675.08
7.008,20.466,28.57,4.047,2064.16
2.311,67.218,23.38,1.645,5193.27
11.639,46.318,18.35,0,4618.09
2,77.206,27.2,0.973,6906.54
8.114,6,34.38,4.415,959.84
7.552,37.372,37.56,3.078,696.21
10,47.413,23.96,0,7054.67
7.345,3,25,3.508,1562.68
7.105,8.087,40.4,4.421,1871.5
11.964,39.363,17.91,1.356,3305.5
11.185,53.405,35.14,1.434,3574.84
12.027,59.679,32.42,1.49,3000
7,4.75,31.14,4.485,1705.06
8.079,3,27.39,3.594,1960.74
7.634,7.88,19.37,6.771,1083.06
11.918,40.007,34.11,2.781,5907.7
7.936,19.515,31.46,3.176,817.39
12.356,70.047,11.56,0.837,5170
9.211,15.83,24.97,3.787,1836.62
6.715,3.616,20.54,7.094,225.93
7.142,6.799,41.07,4.568,2271.8
7.17,4.1,27.69,6.063,741.2
7.839,16.218,39.12,4.624,1517.02
3.179,23.036,26.84,2.803,4480.84
8.116,17.018,25.03,5.41,500
9,9.845,32.48,3.551,2090.59
7.506,1.163,27.26,7.101,943.47
6.772,2.032,24.76,6.82,1130.46
7.794,5.058,34.58,3.987,1149.04
7.842,2.951,27.96,5.824,1417.41
6.609,26.714,28.06,3.544,1694.08
7.77,5.812,35.1,4.068,1000
3.743,36.022,17.31,0.022,6274.47
7.375,9.84,35.31,4.034,2418.32
11.118,81.108,32.94,2.664,8202.98
7.645,15.333,26.28,2.316,1494.63
8.081,7.863,30.68,1.951,2757.46
8.433,3,27.52,3.681,1909.67
11.833,53.154,30.42,0.949,5656.26
6.741,1.491,23.04,5.174,775.92
8.182,8.221,35.41,3.012,1000
13.788,69.072,26.35,0.896,5032.57
7.443,5.907,25.93,6.184,1016.04
6.103,6.749,29.29,2.851,1049.84
6.535,13.35,33.39,4.706,2078.31
9.478,24.786,26.57,3.363,1273.54
11.757,43.054,32.12,0.917,6649.2
8.176,1.706,25.2,6.488,987.66
7.394,17.698,26.05,2.886,1349.69
7.772,2.923,27.52,5.692,929.42
12.678,33.061,31.02,2.146,4528.1
7.497,1.697,29.24,5,260.83
3.376,59.951,31.16,1.413,5288.93
8.169,10.639,35.22,2.42,2522.48
3.598,73.214,32.18,0.629,4930.26
6.918,27.07,27.74,3.101,1235.12
8.312,7.554,31.68,3.294,1688.39
2.608,35.188,24.4,2.233,3412.78
7.625,3.889,25.03,6.598,631.4
7.155,26.686,27.13,3.397,1678.74
7.645,5.484,41.85,4.231,2291.7
7.331,2.885,25.21,5,921.61
6.977,4.396,27.56,5.248,843.8
9.1,30.812,20.22,3.494,2184.36
8.013,4.159,33.08,3.595,1427.46
7.395,6,30.4,3.135,2044.83
7.748,6.693,34.3,3.233,1383.18
7.428,11.058,37.38,4.696,1682.44
7.359,6.001,34.29,4.908,1992.61
7.171,3.393,23.9,7.382,1387.79
6.019,23.718,24.86,2.367,1756.89
7.514,14.326,30.42,3.584,1283.79
3.654,81.962,27.14,1.57,5292.74
6.983,2.303,24.28,6.206,1424.21
7.399,7.245,39.54,3.651,2065.59
6.852,12.151,34.11,2.308,1801.89
7.218,3,26.52,3.004,2605.89
6.815,20.112,32.1,3.125,1487.58
7.524,6.159,30.11,7.116,1227.29
7.615,4.668,26.67,6.892,631.48
11.148,20.512,39.91,2.042,7923.44
7.277,7.7,29.27,5.316,2231.8
3.133,41.253,21.58,0.486,6493.29
8.184,4.35,38.05,4.687,1000
7.646,10.041,37.14,3.304,1480.02
10,50.843,28.72,2.124,3155.18
7.796,19.663,20.59,3.159,2444.61
9.234,12.442,32.97,3.501,1663.25
7.629,2.711,22.64,6.643,774.79
7.101,3,36.45,4.267,1953.46
4.422,43.276,20.42,1.378,6238.12
2.969,48.617,24.16,0.561,5556.3
6.848,30.851,24.5,4.356,1146.02
3.929,20,25.24,1.228,5109.83
7.665,16.327,29.4,4.105,2889.44
7.254,3.572,32,6.271,1038.99
8.015,23.655,28.2,2.944,2500.81
8.478,22.738,26.43,3.72,1010.04
7.603,2.74,23.06,7.222,687.93
7.554,18.051,18.97,4.484,1132.6
2.697,49.882,25.03,0.763,3894.65
7.507,6,29.09,3.168,500
6.234,28.791,30.7,1.5,2174.76
7.349,5.022,32.37,3.797,2451.85
4.087,47.786,22.11,0.956,5245.17
2.269,59.664,19.75,1.393,4117.84
9.085,19.046,20.74,2.708,946.58
7.648,2.551,29.84,7.326,871.98
6.694,5.064,27.2,6.765,1083.74
10,52.481,25.44,1.879,4535.23
8.414,10.48,31.4,2.868,2097.06
8.225,18.955,28.19,3.765,2693.73
7.935,3,35.11,2.705,3093.29
7.958,3.693,22.19,6.108,1173.41
7.848,6.353,28.23,5.284,1851.44
6.66,6,31.66,3.92,1396.17
7.21,0.5,26.83,6.241,1500
6.821,3.764,22.08,7.39,568.11
7.607,4.569,34.61,3.594,1860.06
6.951,23.244,27.05,5.2,2138.93
7.803,4.004,33.73,2.604,2527.75
7,9.438,29.5,4.179,1104.7
9.258,21.153,25.99,3.811,2157.12
2.974,51.496,24.75,2.451,3000
8.748,10.092,32.1,4.452,500
8.361,6.659,33.66,2.944,2410.11
14,65.592,34.71,2.49,3963.42
6.68,8.265,27.03,6.713,988.97
7.031,18.702,25.21,3.896,1933.14
3.518,25.055,40,2.025,4579.14
7.295,5.235,25.6,6.972,388.84
7.996,7.951,37.09,4.21,1423.56
7.546,2.926,26,6.921,1005.75
6.993,22.864,32.21,3.37,1823.96
11.401,34.846,25.6,1.557,7076.76
7.754,8.373,37.89,3.035,1444.91
7.488,9.632,38.85,4.723,1000
2.377,64.888,25.25,1.383,6626.72
7.116,14.175,31.79,4.3,2887.8
